Question Number,Query,Ground Truth JSON
1,Display the trial phases and study names for all research using atezolizumab as a monotherapy.,"{
  ""selected_filter"": {
    ""ICI Name"": ""Atezolizumab"",
    ""Type of Therapy"": ""Monotherapy""
  },
  ""selected_column"": {
    ""Column 1"": ""NCT"",
    ""Column 2"": ""PMID"",
    ""Column 3"": ""Authors"",
    ""Column 4"": ""Year"",
    ""Column 5"": ""Original/Follow up"",
    ""Column 6"": ""Trial phase"",
    ""Column 7"": ""Study name"",
    ""Column 8"": ""Name of ICI"",
    ""Column 9"": ""Monotherapy/combination""
  }
}"
2,List the primary endpoints and control regimens for Phase 3 trials involving Non-Small Cell Lung Cancer.,"{
  ""selected_filter"": {
    ""Trial Phase"": ""Phase 3"",
    ""Cancer Type"": ""Non-Small Cell Lung Cancer (NSCLC)""
  },
  ""selected_column"": {
    ""Column 1"": ""NCT"",
    ""Column 2"": ""PMID"",
    ""Column 3"": ""Authors"",
    ""Column 4"": ""Year"",
    ""Column 5"": ""Original/Follow up"",
    ""Column 6"": ""Primary endpoint"",
    ""Column 7"": ""Control regimen"",
    ""Column 8"": ""Trial phase"",
    ""Column 9"": ""Cancer type""
  }
}"
3,Show the authors and years of publication for studies where the ICI is combined with chemotherapy in bladder cancer patients.,"{
  ""selected_filter"": {
    ""Type of combination (Treatment Arm)"": ""ICI + Chemo"",
    ""Cancer Type"": ""Bladder""
  },
  ""selected_column"": {
    ""Column 1"": ""NCT"",
    ""Column 2"": ""PMID"",
    ""Column 3"": ""Authors"",
    ""Column 4"": ""Year"",
    ""Column 5"": ""Original/Follow up"",
    ""Column 6"": ""Type of combination"",
    ""Column 7"": ""Cancer type""
  }
}"
4,What are the total sample sizes and treatment regimens for studies involving PD-L1 inhibitors in the adjuvant setting?,"{
  ""selected_filter"": {
    ""ICI Class"": ""PD-L1"",
    ""Clinical Setting"": ""Adjuvant""
  },
  ""selected_column"": {
    ""Column 1"": ""NCT"",
    ""Column 2"": ""PMID"",
    ""Column 3"": ""Authors"",
    ""Column 4"": ""Year"",
    ""Column 5"": ""Original/Follow up"",
    ""Column 6"": ""Total sample size"",
    ""Column 7"": ""Treatment regimen"",
    ""Column 8"": ""Class of ICI"",
    ""Column 9"": ""Clinical setting in relation to surgery""
  }
}"
5,List the specific names of ICIs and their classes used in original publications for Head and Neck cancer.,"{
  ""selected_filter"": {
    ""Type of Study"": ""Original publication"",
    ""Cancer Type"": ""Head and Neck (HNSCC)""
  },
  ""selected_column"": {
    ""Column 1"": ""NCT"",
    ""Column 2"": ""PMID"",
    ""Column 3"": ""Authors"",
    ""Column 4"": ""Year"",
    ""Column 5"": ""Original/Follow up"",
    ""Column 6"": ""Name of ICI"",
    ""Column 7"": ""Class of ICI"",
    ""Column 8"": ""Cancer type""
  }
}"
6,Show me the control arm types and primary endpoints for trials where ipilimumab was used.,"{
  ""selected_filter"": {
    ""ICI Name"": ""Ipilimumab""
  },
  ""selected_column"": {
    ""Column 1"": ""NCT"",
    ""Column 2"": ""PMID"",
    ""Column 3"": ""Authors"",
    ""Column 4"": ""Year"",
    ""Column 5"": ""Original/Follow up"",
    ""Column 6"": ""Type of control"",
    ""Column 7"": ""Primary endpoint"",
    ""Column 8"": ""Name of ICI""
  }
}"
7,Find the lines of treatment and clinical settings for hepatocellular carcinoma trials using combination therapy.,"{
  ""selected_filter"": {
    ""Cancer Type"": ""Hepatocellular carcinoma (HCC)"",
    ""Type of Therapy"": ""Combination Therapy""
  },
  ""selected_column"": {
    ""Column 1"": ""NCT"",
    ""Column 2"": ""PMID"",
    ""Column 3"": ""Authors"",
    ""Column 4"": ""Year"",
    ""Column 5"": ""Original/Follow up"",
    ""Column 6"": ""Lines of treatment"",
    ""Column 7"": ""Clinical setting in relation to surgery"",
    ""Column 8"": ""Cancer type"",
    ""Column 9"": ""Monotherapy/combination""
  }
}"
8,List the treatment regimens and follow-up durations for trials where the primary endpoint was Overall Survival (OS).,"{
  ""selected_filter"": {
    ""Primary Endpoint"": ""OS (Overall Survival)""
  },
  ""selected_column"": {
    ""Column 1"": ""NCT"",
    ""Column 2"": ""PMID"",
    ""Column 3"": ""Authors"",
    ""Column 4"": ""Year"",
    ""Column 5"": ""Original/Follow up"",
    ""Column 6"": ""Treatment regimen"",
    ""Column 7"": ""Follow-up duration for primary endpoint(s) in months"",
    ""Column 8"": ""Primary endpoint""
  }
}"
9,Show the NCT IDs and years for trials included in the meta-analysis that focused on melanoma.,"{
  ""selected_filter"": {
    ""Included in MA"": ""Yes"",
    ""Cancer Type"": ""Melanoma""
  },
  ""selected_column"": {
    ""Column 1"": ""NCT"",
    ""Column 2"": ""PMID"",
    ""Column 3"": ""Authors"",
    ""Column 4"": ""Year"",
    ""Column 5"": ""Original/Follow up"",
    ""Column 6"": ""Cancer type""
  }
}"
10,What are the secondary endpoints and types of follow-up for Phase 2 trials using PD-1 inhibitors?,"{
  ""selected_filter"": {
    ""Trial Phase"": ""Phase 2"",
    ""ICI Class"": ""PD-1""
  },
  ""selected_column"": {
    ""Column 1"": ""NCT"",
    ""Column 2"": ""PMID"",
    ""Column 3"": ""Authors"",
    ""Column 4"": ""Year"",
    ""Column 5"": ""Original/Follow up"",
    ""Column 6"": ""Secondary endpoint"",
    ""Column 7"": ""Type of follow-up given"",
    ""Column 8"": ""Trial phase"",
    ""Column 9"": ""Class of ICI""
  }
}"
11,Display the study names and number of arms for trials comparing an ICI against chemotherapy as the control arm.,"{
  ""selected_filter"": {
    ""Control Arm"": ""Chemo""
  },
  ""selected_column"": {
    ""Column 1"": ""NCT"",
    ""Column 2"": ""PMID"",
    ""Column 3"": ""Authors"",
    ""Column 4"": ""Year"",
    ""Column 5"": ""Original/Follow up"",
    ""Column 6"": ""Study name"",
    ""Column 7"": ""Number of arms"",
    ""Column 8"": ""Control regimen""
  }
}"
12,List the combination types and specific ICIs used in renal cell carcinoma trials.,"{
  ""selected_filter"": {
    ""Cancer Type"": ""Renal Cell Carcinoma (RCC)""
  },
  ""selected_column"": {
    ""Column 1"": ""NCT"",
    ""Column 2"": ""PMID"",
    ""Column 3"": ""Authors"",
    ""Column 4"": ""Year"",
    ""Column 5"": ""Original/Follow up"",
    ""Column 6"": ""Type of combination"",
    ""Column 7"": ""Name of ICI"",
    ""Column 8"": ""Cancer type""
  }
}"
13,Show the authors and original/follow-up status for trials where the combination therapy involves an ICI and an Anti-VEGF agent.,"{
  ""selected_filter"": {
    ""Type of combination (Treatment Arm)"": ""ICI + Anti-VEGF""
  },
  ""selected_column"": {
    ""Column 1"": ""NCT"",
    ""Column 2"": ""PMID"",
    ""Column 3"": ""Authors"",
    ""Column 4"": ""Year"",
    ""Column 5"": ""Original/Follow up"",
    ""Column 6"": ""Type of combination""
  }
}"
14,What are the PD-L1 inclusion criteria and total sample sizes for neoadjuvant studies?,"{
  ""selected_filter"": {
    ""Clinical Setting"": ""Neoadjuvant""
  },
  ""selected_column"": {
    ""Column 1"": ""NCT"",
    ""Column 2"": ""PMID"",
    ""Column 3"": ""Authors"",
    ""Column 4"": ""Year"",
    ""Column 5"": ""Original/Follow up"",
    ""Column 6"": ""Is PD-L1 positivity inclusion criteria"",
    ""Column 7"": ""Total sample size"",
    ""Column 8"": ""Clinical setting in relation to surgery""
  }
}"
15,List the treatment regimens and control regimens for trials utilizing nivolumab in a metastatic setting.,"{
  ""selected_filter"": {
    ""ICI Name"": ""Nivolumab"",
    ""Clinical Setting"": ""Metastatic / Recurrent (Unresectable)""
  },
  ""selected_column"": {
    ""Column 1"": ""NCT"",
    ""Column 2"": ""PMID"",
    ""Column 3"": ""Authors"",
    ""Column 4"": ""Year"",
    ""Column 5"": ""Original/Follow up"",
    ""Column 6"": ""Treatment regimen"",
    ""Column 7"": ""Control regimen"",
    ""Column 8"": ""Name of ICI"",
    ""Column 9"": ""Clinical setting in relation to surgery""
  }
}"
16,Show the primary endpoints and years for follow-up publications involving CTLA-4 inhibitors.,"{
  ""selected_filter"": {
    ""ICI Class"": ""CTLA-4"",
    ""Type of Study"": ""Follow-up""
  },
  ""selected_column"": {
    ""Column 1"": ""NCT"",
    ""Column 2"": ""PMID"",
    ""Column 3"": ""Authors"",
    ""Column 4"": ""Year"",
    ""Column 5"": ""Original/Follow up"",
    ""Column 6"": ""Primary endpoint"",
    ""Column 7"": ""Class of ICI""
  }
}"
17,Find the study names and specific ICI names for trials where the control arm was a placebo.,"{
  ""selected_filter"": {
    ""Control Arm"": ""Placebo""
  },
  ""selected_column"": {
    ""Column 1"": ""NCT"",
    ""Column 2"": ""PMID"",
    ""Column 3"": ""Authors"",
    ""Column 4"": ""Year"",
    ""Column 5"": ""Original/Follow up"",
    ""Column 6"": ""Study name"",
    ""Column 7"": ""Name of ICI"",
    ""Column 8"": ""Type of control""
  }
}"
18,List the biomarker inclusion details and cancer types for trials combining two different ICIs.,"{
  ""selected_filter"": {
    ""Type of combination (Treatment Arm)"": ""ICI + ICI""
  },
  ""selected_column"": {
    ""Column 1"": ""NCT"",
    ""Column 2"": ""PMID"",
    ""Column 3"": ""Authors"",
    ""Column 4"": ""Year"",
    ""Column 5"": ""Original/Follow up"",
    ""Column 6"": ""Is any other biomarker used for inclusion"",
    ""Column 7"": ""Cancer type"",
    ""Column 8"": ""Type of combination""
  }
}"
19,Show the total sample size and number of arms for Phase 3 trials in gastric cancer.,"{
  ""selected_filter"": {
    ""Trial Phase"": ""Phase 3"",
    ""Cancer Type"": ""Gastric/GEJ""
  },
  ""selected_column"": {
    ""Column 1"": ""NCT"",
    ""Column 2"": ""PMID"",
    ""Column 3"": ""Authors"",
    ""Column 4"": ""Year"",
    ""Column 5"": ""Original/Follow up"",
    ""Column 6"": ""Total sample size"",
    ""Column 7"": ""Number of arms"",
    ""Column 8"": ""Trial phase"",
    ""Column 9"": ""Cancer type""
  }
}"
20,What are the treatment regimens and trial phases for studies using durvalumab?,"{
  ""selected_filter"": {
    ""ICI Name"": ""Durvalumab""
  },
  ""selected_column"": {
    ""Column 1"": ""NCT"",
    ""Column 2"": ""PMID"",
    ""Column 3"": ""Authors"",
    ""Column 4"": ""Year"",
    ""Column 5"": ""Original/Follow up"",
    ""Column 6"": ""Treatment regimen"",
    ""Column 7"": ""Trial phase"",
    ""Column 8"": ""Name of ICI""
  }
}"
21,List the primary endpoints and whether multiple endpoints were used for Small Cell Lung Cancer trials.,"{
  ""selected_filter"": {
    ""Cancer Type"": ""Small Cell Lung Cancer (SCLC)""
  },
  ""selected_column"": {
    ""Column 1"": ""NCT"",
    ""Column 2"": ""PMID"",
    ""Column 3"": ""Authors"",
    ""Column 4"": ""Year"",
    ""Column 5"": ""Original/Follow up"",
    ""Column 6"": ""Primary endpoint"",
    ""Column 7"": ""Primary multiple, composite, or co-primary endpoints?"",
    ""Column 8"": ""Cancer type""
  }
}"
22,Show the authors and control regimens for studies where the primary endpoint was Pathologic Complete Response (pCR).,"{
  ""selected_filter"": {
    ""Primary Endpoint"": ""Path CR (Pathologic Complete Response; pCR)""
  },
  ""selected_column"": {
    ""Column 1"": ""NCT"",
    ""Column 2"": ""PMID"",
    ""Column 3"": ""Authors"",
    ""Column 4"": ""Year"",
    ""Column 5"": ""Original/Follow up"",
    ""Column 6"": ""Control regimen"",
    ""Column 7"": ""Primary endpoint""
  }
}"
23,Find the ICI classes and types of combination for trials not included in the meta-analysis.,"{
  ""selected_filter"": {
    ""Included in MA"": ""No""
  },
  ""selected_column"": {
    ""Column 1"": ""NCT"",
    ""Column 2"": ""PMID"",
    ""Column 3"": ""Authors"",
    ""Column 4"": ""Year"",
    ""Column 5"": ""Original/Follow up"",
    ""Column 6"": ""Class of ICI"",
    ""Column 7"": ""Type of combination""
  }
}"
24,List the clinical settings and years of publication for pembrolizumab monotherapy trials.,"{
  ""selected_filter"": {
    ""ICI Name"": ""Pembrolizumab"",
    ""Type of Therapy"": ""Monotherapy""
  },
  ""selected_column"": {
    ""Column 1"": ""NCT"",
    ""Column 2"": ""PMID"",
    ""Column 3"": ""Authors"",
    ""Column 4"": ""Year"",
    ""Column 5"": ""Original/Follow up"",
    ""Column 6"": ""Clinical setting in relation to surgery"",
    ""Column 7"": ""Name of ICI"",
    ""Column 8"": ""Monotherapy/combination""
  }
}"
25,Show the treatment regimens and control arm types for esophageal cancer studies.,"{
  ""selected_filter"": {
    ""Cancer Type"": ""Esophageal/GEJ""
  },
  ""selected_column"": {
    ""Column 1"": ""NCT"",
    ""Column 2"": ""PMID"",
    ""Column 3"": ""Authors"",
    ""Column 4"": ""Year"",
    ""Column 5"": ""Original/Follow up"",
    ""Column 6"": ""Treatment regimen"",
    ""Column 7"": ""Type of control"",
    ""Column 8"": ""Cancer type""
  }
}"
26,What are the secondary endpoints and follow-up durations for trials combining an ICI with a Tyrosine Kinase Inhibitor (TKI)?,"{
  ""selected_filter"": {
    ""Type of combination (Treatment Arm)"": ""ICI + TKI (Tyrosine Kinase Inhibitor)""
  },
  ""selected_column"": {
    ""Column 1"": ""NCT"",
    ""Column 2"": ""PMID"",
    ""Column 3"": ""Authors"",
    ""Column 4"": ""Year"",
    ""Column 5"": ""Original/Follow up"",
    ""Column 6"": ""Secondary endpoint"",
    ""Column 7"": ""Follow-up duration for primary endpoint(s) in months"",
    ""Column 8"": ""Type of combination""
  }
}"
27,List the specific ICI names and trial phases for studies where the control arm was Best Supportive Care (BSC).,"{
  ""selected_filter"": {
    ""Control Arm"": ""Best Supportive Care (BSC)""
  },
  ""selected_column"": {
    ""Column 1"": ""NCT"",
    ""Column 2"": ""PMID"",
    ""Column 3"": ""Authors"",
    ""Column 4"": ""Year"",
    ""Column 5"": ""Original/Follow up"",
    ""Column 6"": ""Name of ICI"",
    ""Column 7"": ""Trial phase"",
    ""Column 8"": ""Control regimen""
  }
}"
28,Show the lines of treatment and total sample sizes for trials utilizing PD-1 inhibitors in colorectal cancer.,"{
  ""selected_filter"": {
    ""ICI Class"": ""PD-1"",
    ""Cancer Type"": ""Colorectal""
  },
  ""selected_column"": {
    ""Column 1"": ""NCT"",
    ""Column 2"": ""PMID"",
    ""Column 3"": ""Authors"",
    ""Column 4"": ""Year"",
    ""Column 5"": ""Original/Follow up"",
    ""Column 6"": ""Lines of treatment"",
    ""Column 7"": ""Total sample size"",
    ""Column 8"": ""Class of ICI"",
    ""Column 9"": ""Cancer type""
  }
}"
29,Find the study names and years for trials evaluating cemiplimab.,"{
  ""selected_filter"": {
    ""ICI Name"": ""Cemiplimab""
  },
  ""selected_column"": {
    ""Column 1"": ""NCT"",
    ""Column 2"": ""PMID"",
    ""Column 3"": ""Authors"",
    ""Column 4"": ""Year"",
    ""Column 5"": ""Original/Follow up"",
    ""Column 6"": ""Study name"",
    ""Column 7"": ""Name of ICI""
  }
}"
30,List the primary endpoints and original/follow-up status for trials focused on safety as a primary endpoint.,"{
  ""selected_filter"": {
    ""Primary Endpoint"": ""Safety""
  },
  ""selected_column"": {
    ""Column 1"": ""NCT"",
    ""Column 2"": ""PMID"",
    ""Column 3"": ""Authors"",
    ""Column 4"": ""Year"",
    ""Column 5"": ""Original/Follow up"",
    ""Column 6"": ""Primary endpoint""
  }
}"
31,Show the authors and specific ICI names for breast cancer trials using combination therapy.,"{
  ""selected_filter"": {
    ""Cancer Type"": ""Breast"",
    ""Type of Therapy"": ""Combination Therapy""
  },
  ""selected_column"": {
    ""Column 1"": ""NCT"",
    ""Column 2"": ""PMID"",
    ""Column 3"": ""Authors"",
    ""Column 4"": ""Year"",
    ""Column 5"": ""Original/Follow up"",
    ""Column 6"": ""Name of ICI"",
    ""Column 7"": ""Cancer type"",
    ""Column 8"": ""Monotherapy/combination""
  }
}"
32,What are the PD-L1 inclusion criteria and control regimens for trials in the maintenance setting?,"{
  ""selected_filter"": {
    ""Clinical Setting"": ""Maintenance""
  },
  ""selected_column"": {
    ""Column 1"": ""NCT"",
    ""Column 2"": ""PMID"",
    ""Column 3"": ""Authors"",
    ""Column 4"": ""Year"",
    ""Column 5"": ""Original/Follow up"",
    ""Column 6"": ""Is PD-L1 positivity inclusion criteria"",
    ""Column 7"": ""Control regimen"",
    ""Column 8"": ""Clinical setting in relation to surgery""
  }
}"
33,List the treatment regimens and total sample sizes for trials combining an ICI with radiation.,"{
  ""selected_filter"": {
    ""Type of combination (Treatment Arm)"": ""ICI + RadiatICln (Radiation/Clinical Radiation)""
  },
  ""selected_column"": {
    ""Column 1"": ""NCT"",
    ""Column 2"": ""PMID"",
    ""Column 3"": ""Authors"",
    ""Column 4"": ""Year"",
    ""Column 5"": ""Original/Follow up"",
    ""Column 6"": ""Treatment regimen"",
    ""Column 7"": ""Total sample size"",
    ""Column 8"": ""Type of combination""
  }
}"
34,Show the trial phases and years for studies involving avelumab.,"{
  ""selected_filter"": {
    ""ICI Name"": ""Avelumab""
  },
  ""selected_column"": {
    ""Column 1"": ""NCT"",
    ""Column 2"": ""PMID"",
    ""Column 3"": ""Authors"",
    ""Column 4"": ""Year"",
    ""Column 5"": ""Original/Follow up"",
    ""Column 6"": ""Trial phase"",
    ""Column 7"": ""Name of ICI""
  }
}"
35,Find the primary endpoints and specific ICI names for trials where the control arm was an mTOR inhibitor.,"{
  ""selected_filter"": {
    ""Control Arm"": ""mTOR inhibitor""
  },
  ""selected_column"": {
    ""Column 1"": ""NCT"",
    ""Column 2"": ""PMID"",
    ""Column 3"": ""Authors"",
    ""Column 4"": ""Year"",
    ""Column 5"": ""Original/Follow up"",
    ""Column 6"": ""Primary endpoint"",
    ""Column 7"": ""Name of ICI"",
    ""Column 8"": ""Type of control""
  }
}"
36,List the cancer types and study names for trials where the primary endpoint was Progression-Free Survival (PFS).,"{
  ""selected_filter"": {
    ""Primary Endpoint"": ""PFS (Progression-Free Survival)""
  },
  ""selected_column"": {
    ""Column 1"": ""NCT"",
    ""Column 2"": ""PMID"",
    ""Column 3"": ""Authors"",
    ""Column 4"": ""Year"",
    ""Column 5"": ""Original/Follow up"",
    ""Column 6"": ""Cancer type"",
    ""Column 7"": ""Study name"",
    ""Column 8"": ""Primary endpoint""
  }
}"
37,Show the authors and number of arms for Phase 2 trials involving pancreatic cancer.,"{
  ""selected_filter"": {
    ""Trial Phase"": ""Phase 2"",
    ""Cancer Type"": ""Pancreatic Cancer""
  },
  ""selected_column"": {
    ""Column 1"": ""NCT"",
    ""Column 2"": ""PMID"",
    ""Column 3"": ""Authors"",
    ""Column 4"": ""Year"",
    ""Column 5"": ""Original/Follow up"",
    ""Column 6"": ""Number of arms"",
    ""Column 7"": ""Trial phase"",
    ""Column 8"": ""Cancer type""
  }
}"
38,What are the biomarker inclusion details and treatment regimens for studies included in the meta-analysis?,"{
  ""selected_filter"": {
    ""Included in MA"": ""Yes""
  },
  ""selected_column"": {
    ""Column 1"": ""NCT"",
    ""Column 2"": ""PMID"",
    ""Column 3"": ""Authors"",
    ""Column 4"": ""Year"",
    ""Column 5"": ""Original/Follow up"",
    ""Column 6"": ""Is any other biomarker used for inclusion"",
    ""Column 7"": ""Treatment regimen""
  }
}"
39,List the specific names of ICIs and their classes for trials using a vaccine as the control arm.,"{
  ""selected_filter"": {
    ""Control Arm"": ""Vaccine""
  },
  ""selected_column"": {
    ""Column 1"": ""NCT"",
    ""Column 2"": ""PMID"",
    ""Column 3"": ""Authors"",
    ""Column 4"": ""Year"",
    ""Column 5"": ""Original/Follow up"",
    ""Column 6"": ""Name of ICI"",
    ""Column 7"": ""Class of ICI"",
    ""Column 8"": ""Type of control""
  }
}"
40,Show the follow-up durations and secondary endpoints for trials involving mesothelioma.,"{
  ""selected_filter"": {
    ""Cancer Type"": ""Mesothelioma""
  },
  ""selected_column"": {
    ""Column 1"": ""NCT"",
    ""Column 2"": ""PMID"",
    ""Column 3"": ""Authors"",
    ""Column 4"": ""Year"",
    ""Column 5"": ""Original/Follow up"",
    ""Column 6"": ""Follow-up duration for primary endpoint(s) in months"",
    ""Column 7"": ""Secondary endpoint"",
    ""Column 8"": ""Cancer type""
  }
}"
41,Find the combination types and control regimens for trials using tremelimumab.,"{
  ""selected_filter"": {
    ""ICI Name"": ""Tremelimumab""
  },
  ""selected_column"": {
    ""Column 1"": ""NCT"",
    ""Column 2"": ""PMID"",
    ""Column 3"": ""Authors"",
    ""Column 4"": ""Year"",
    ""Column 5"": ""Original/Follow up"",
    ""Column 6"": ""Type of combination"",
    ""Column 7"": ""Control regimen"",
    ""Column 8"": ""Name of ICI""
  }
}"
42,List the lines of treatment and trial phases for studies where the combination is ICI + MEK inhibitor.,"{
  ""selected_filter"": {
    ""Type of combination (Treatment Arm)"": ""ICI + MEKi (MEK Inhibitor)""
  },
  ""selected_column"": {
    ""Column 1"": ""NCT"",
    ""Column 2"": ""PMID"",
    ""Column 3"": ""Authors"",
    ""Column 4"": ""Year"",
    ""Column 5"": ""Original/Follow up"",
    ""Column 6"": ""Lines of treatment"",
    ""Column 7"": ""Trial phase"",
    ""Column 8"": ""Type of combination""
  }
}"
43,Show the total sample size and authors for urothelial carcinoma trials in the metastatic setting.,"{
  ""selected_filter"": {
    ""Cancer Type"": ""Urothelial"",
    ""Clinical Setting"": ""Metastatic / Recurrent (Unresectable)""
  },
  ""selected_column"": {
    ""Column 1"": ""NCT"",
    ""Column 2"": ""PMID"",
    ""Column 3"": ""Authors"",
    ""Column 4"": ""Year"",
    ""Column 5"": ""Original/Follow up"",
    ""Column 6"": ""Total sample size"",
    ""Column 7"": ""Cancer type"",
    ""Column 8"": ""Clinical setting in relation to surgery""
  }
}"
44,What are the primary endpoints and original/follow-up status for trials using ICI + Vaccine combination?,"{
  ""selected_filter"": {
    ""Type of combination (Treatment Arm)"": ""ICI + Vaccine""
  },
  ""selected_column"": {
    ""Column 1"": ""NCT"",
    ""Column 2"": ""PMID"",
    ""Column 3"": ""Authors"",
    ""Column 4"": ""Year"",
    ""Column 5"": ""Original/Follow up"",
    ""Column 6"": ""Primary endpoint"",
    ""Column 7"": ""Type of combination""
  }
}"
45,List the ICI classes and study names for prostate cancer trials.,"{
  ""selected_filter"": {
    ""Cancer Type"": ""Prostate""
  },
  ""selected_column"": {
    ""Column 1"": ""NCT"",
    ""Column 2"": ""PMID"",
    ""Column 3"": ""Authors"",
    ""Column 4"": ""Year"",
    ""Column 5"": ""Original/Follow up"",
    ""Column 6"": ""Class of ICI"",
    ""Column 7"": ""Study name"",
    ""Column 8"": ""Cancer type""
  }
}"
46,"Show the treatment regimens and control arm types for trials combining ICI, chemotherapy, and Anti-VEGF.","{
  ""selected_filter"": {
    ""Type of combination (Treatment Arm)"": ""ICI + Chemo + Anti-VEGF""
  },
  ""selected_column"": {
    ""Column 1"": ""NCT"",
    ""Column 2"": ""PMID"",
    ""Column 3"": ""Authors"",
    ""Column 4"": ""Year"",
    ""Column 5"": ""Original/Follow up"",
    ""Column 6"": ""Treatment regimen"",
    ""Column 7"": ""Type of control"",
    ""Column 8"": ""Type of combination""
  }
}"
47,Find the years and number of arms for trials where the primary endpoint was Event-Free Survival (EFS).,"{
  ""selected_filter"": {
    ""Primary Endpoint"": ""EFS (Event-Free Survival)""
  },
  ""selected_column"": {
    ""Column 1"": ""NCT"",
    ""Column 2"": ""PMID"",
    ""Column 3"": ""Authors"",
    ""Column 4"": ""Year"",
    ""Column 5"": ""Original/Follow up"",
    ""Column 6"": ""Number of arms"",
    ""Column 7"": ""Primary endpoint""
  }
}"
48,List the specific ICI names and clinical settings for trials where the control arm included Interferon.,"{
  ""selected_filter"": {
    ""Control Arm"": ""Interferon""
  },
  ""selected_column"": {
    ""Column 1"": ""NCT"",
    ""Column 2"": ""PMID"",
    ""Column 3"": ""Authors"",
    ""Column 4"": ""Year"",
    ""Column 5"": ""Original/Follow up"",
    ""Column 6"": ""Name of ICI"",
    ""Column 7"": ""Clinical setting in relation to surgery"",
    ""Column 8"": ""Control regimen""
  }
}"
49,Show the authors and primary endpoints for multiple myeloma trials.,"{
  ""selected_filter"": {
    ""Cancer Type"": ""Multiple Myeloma""
  },
  ""selected_column"": {
    ""Column 1"": ""NCT"",
    ""Column 2"": ""PMID"",
    ""Column 3"": ""Authors"",
    ""Column 4"": ""Year"",
    ""Column 5"": ""Original/Follow up"",
    ""Column 6"": ""Primary endpoint"",
    ""Column 7"": ""Cancer type""
  }
}"
50,What are the PD-L1 inclusion criteria and trial phases for studies using triple therapy (ICI + ICI + Chemo)?,"{
  ""selected_filter"": {
    ""Type of combination (Treatment Arm)"": ""ICI + ICI + Chemo""
  },
  ""selected_column"": {
    ""Column 1"": ""NCT"",
    ""Column 2"": ""PMID"",
    ""Column 3"": ""Authors"",
    ""Column 4"": ""Year"",
    ""Column 5"": ""Original/Follow up"",
    ""Column 6"": ""Is PD-L1 positivity inclusion criteria"",
    ""Column 7"": ""Trial phase"",
    ""Column 8"": ""Type of combination""
  }
}"
51,Display the authors and publication years for all Phase 3 trials involving atezolizumab.,"{
  ""selected_filter"": {
    ""ICI Name"": ""Atezolizumab"",
    ""Trial Phase"": ""Phase 3""
  },
  ""selected_column"": {
    ""Column 1"": ""NCT"",
    ""Column 2"": ""PMID"",
    ""Column 3"": ""Authors"",
    ""Column 4"": ""Year"",
    ""Column 5"": ""Original/Follow up"",
    ""Column 6"": ""Trial phase"",
    ""Column 7"": ""Name of ICI""
  }
}"
52,List the study names and primary endpoints for trials where the control arm consisted of chemotherapy alone.,"{
  ""selected_filter"": {
    ""Control Arm"": ""Chemo""
  },
  ""selected_column"": {
    ""Column 1"": ""NCT"",
    ""Column 2"": ""PMID"",
    ""Column 3"": ""Authors"",
    ""Column 4"": ""Year"",
    ""Column 5"": ""Original/Follow up"",
    ""Column 6"": ""Study name"",
    ""Column 7"": ""Primary endpoint"",
    ""Column 8"": ""Control regimen""
  }
}"
53,Show the treatment regimens and total sample sizes for Non-Small Cell Lung Cancer trials in the metastatic setting.,"{
  ""selected_filter"": {
    ""Cancer Type"": ""Non-Small Cell Lung Cancer (NSCLC)"",
    ""Clinical Setting"": ""Metastatic / Recurrent (Unresectable)""
  },
  ""selected_column"": {
    ""Column 1"": ""NCT"",
    ""Column 2"": ""PMID"",
    ""Column 3"": ""Authors"",
    ""Column 4"": ""Year"",
    ""Column 5"": ""Original/Follow up"",
    ""Column 6"": ""Treatment regimen"",
    ""Column 7"": ""Total sample size"",
    ""Column 8"": ""Cancer type"",
    ""Column 9"": ""Clinical setting in relation to surgery""
  }
}"
54,What are the secondary endpoints and follow-up types for original publications involving nivolumab?,"{
  ""selected_filter"": {
    ""ICI Name"": ""Nivolumab"",
    ""Type of Study"": ""Original publication""
  },
  ""selected_column"": {
    ""Column 1"": ""NCT"",
    ""Column 2"": ""PMID"",
    ""Column 3"": ""Authors"",
    ""Column 4"": ""Year"",
    ""Column 5"": ""Original/Follow up"",
    ""Column 6"": ""Secondary endpoint"",
    ""Column 7"": ""Type of follow-up given"",
    ""Column 8"": ""Name of ICI""
  }
}"
55,List the lines of treatment and control regimens for trials using pembrolizumab in Head and Neck cancer.,"{
  ""selected_filter"": {
    ""ICI Name"": ""Pembrolizumab"",
    ""Cancer Type"": ""Head and Neck (HNSCC)""
  },
  ""selected_column"": {
    ""Column 1"": ""NCT"",
    ""Column 2"": ""PMID"",
    ""Column 3"": ""Authors"",
    ""Column 4"": ""Year"",
    ""Column 5"": ""Original/Follow up"",
    ""Column 6"": ""Lines of treatment"",
    ""Column 7"": ""Control regimen"",
    ""Column 8"": ""Cancer type"",
    ""Column 9"": ""Name of ICI""
  }
}"
56,Show the types of combination and specific ICI names for trials where the primary endpoint was Safety.,"{
  ""selected_filter"": {
    ""Primary Endpoint"": ""Safety""
  },
  ""selected_column"": {
    ""Column 1"": ""NCT"",
    ""Column 2"": ""PMID"",
    ""Column 3"": ""Authors"",
    ""Column 4"": ""Year"",
    ""Column 5"": ""Original/Follow up"",
    ""Column 6"": ""Type of combination"",
    ""Column 7"": ""Name of ICI"",
    ""Column 8"": ""Primary endpoint""
  }
}"
57,Find the study names and years for trials combining an ICI with a MEK inhibitor.,"{
  ""selected_filter"": {
    ""Type of combination (Treatment Arm)"": ""ICI + MEKi (MEK Inhibitor)""
  },
  ""selected_column"": {
    ""Column 1"": ""NCT"",
    ""Column 2"": ""PMID"",
    ""Column 3"": ""Authors"",
    ""Column 4"": ""Year"",
    ""Column 5"": ""Original/Follow up"",
    ""Column 6"": ""Study name"",
    ""Column 7"": ""Type of combination""
  }
}"
58,List the biomarker inclusion details and clinical settings for trials involving MSI-H or dMMR tumors in colorectal cancer.,"{
  ""selected_filter"": {
    ""Cancer Type"": ""Colorectal""
  },
  ""selected_column"": {
    ""Column 1"": ""NCT"",
    ""Column 2"": ""PMID"",
    ""Column 3"": ""Authors"",
    ""Column 4"": ""Year"",
    ""Column 5"": ""Original/Follow up"",
    ""Column 6"": ""Is any other biomarker used for inclusion"",
    ""Column 7"": ""Clinical setting in relation to surgery"",
    ""Column 8"": ""Cancer type""
  }
}"
59,Show the number of arms and control types for Phase 2 trials using durvalumab.,"{
  ""selected_filter"": {
    ""ICI Name"": ""Durvalumab"",
    ""Trial Phase"": ""Phase 2""
  },
  ""selected_column"": {
    ""Column 1"": ""NCT"",
    ""Column 2"": ""PMID"",
    ""Column 3"": ""Authors"",
    ""Column 4"": ""Year"",
    ""Column 5"": ""Original/Follow up"",
    ""Column 6"": ""Number of arms"",
    ""Column 7"": ""Type of control"",
    ""Column 8"": ""Name of ICI"",
    ""Column 9"": ""Trial phase""
  }
}"
60,What are the primary endpoints and follow-up durations for trials where the combination is ICI + Chemotherapy + Anti-VEGF?,"{
  ""selected_filter"": {
    ""Type of combination (Treatment Arm)"": ""ICI + Chemo + Anti-VEGF""
  },
  ""selected_column"": {
    ""Column 1"": ""NCT"",
    ""Column 2"": ""PMID"",
    ""Column 3"": ""Authors"",
    ""Column 4"": ""Year"",
    ""Column 5"": ""Original/Follow up"",
    ""Column 6"": ""Primary endpoint"",
    ""Column 7"": ""Follow-up duration for primary endpoint(s) in months"",
    ""Column 8"": ""Type of combination""
  }
}"
61,List the authors and specific ICI names for adjuvant therapy trials in melanoma.,"{
  ""selected_filter"": {
    ""Clinical Setting"": ""Adjuvant"",
    ""Cancer Type"": ""Melanoma""
  },
  ""selected_column"": {
    ""Column 1"": ""NCT"",
    ""Column 2"": ""PMID"",
    ""Column 3"": ""Authors"",
    ""Column 4"": ""Year"",
    ""Column 5"": ""Original/Follow up"",
    ""Column 6"": ""Name of ICI"",
    ""Column 7"": ""Cancer type"",
    ""Column 8"": ""Clinical setting in relation to surgery""
  }
}"
62,Show the treatment regimens and control regimens for trials using ipilimumab monotherapy.,"{
  ""selected_filter"": {
    ""ICI Name"": ""Ipilimumab"",
    ""Type of Therapy"": ""Monotherapy""
  },
  ""selected_column"": {
    ""Column 1"": ""NCT"",
    ""Column 2"": ""PMID"",
    ""Column 3"": ""Authors"",
    ""Column 4"": ""Year"",
    ""Column 5"": ""Original/Follow up"",
    ""Column 6"": ""Treatment regimen"",
    ""Column 7"": ""Control regimen"",
    ""Column 8"": ""Name of ICI"",
    ""Column 9"": ""Monotherapy/combination""
  }
}"
63,Find the study names and PD-L1 inclusion criteria for trials involving esophageal or GEJ cancer.,"{
  ""selected_filter"": {
    ""Cancer Type"": ""Esophageal/GEJ""
  },
  ""selected_column"": {
    ""Column 1"": ""NCT"",
    ""Column 2"": ""PMID"",
    ""Column 3"": ""Authors"",
    ""Column 4"": ""Year"",
    ""Column 5"": ""Original/Follow up"",
    ""Column 6"": ""Study name"",
    ""Column 7"": ""Is PD-L1 positivity inclusion criteria"",
    ""Column 8"": ""Cancer type""
  }
}"
64,List the trial phases and years for studies included in the meta-analysis for renal cell carcinoma.,"{
  ""selected_filter"": {
    ""Included in MA"": ""Yes"",
    ""Cancer Type"": ""Renal Cell Carcinoma (RCC)""
  },
  ""selected_column"": {
    ""Column 1"": ""NCT"",
    ""Column 2"": ""PMID"",
    ""Column 3"": ""Authors"",
    ""Column 4"": ""Year"",
    ""Column 5"": ""Original/Follow up"",
    ""Column 6"": ""Trial phase"",
    ""Column 7"": ""Cancer type""
  }
}"
65,Show the types of control arms and total sample sizes for trials evaluating cemiplimab.,"{
  ""selected_filter"": {
    ""ICI Name"": ""Cemiplimab""
  },
  ""selected_column"": {
    ""Column 1"": ""NCT"",
    ""Column 2"": ""PMID"",
    ""Column 3"": ""Authors"",
    ""Column 4"": ""Year"",
    ""Column 5"": ""Original/Follow up"",
    ""Column 6"": ""Type of control"",
    ""Column 7"": ""Total sample size"",
    ""Column 8"": ""Name of ICI""
  }
}"
66,What are the primary endpoints and whether they are multiple/composite for trials where the control was Best Supportive Care?,"{
  ""selected_filter"": {
    ""Control Arm"": ""Best Supportive Care (BSC)""
  },
  ""selected_column"": {
    ""Column 1"": ""NCT"",
    ""Column 2"": ""PMID"",
    ""Column 3"": ""Authors"",
    ""Column 4"": ""Year"",
    ""Column 5"": ""Original/Follow up"",
    ""Column 6"": ""Primary endpoint"",
    ""Column 7"": ""Primary multiple, composite, or co-primary endpoints?"",
    ""Column 8"": ""Control regimen""
  }
}"
67,List the specific ICI names and classes for trials targeting Small Cell Lung Cancer.,"{
  ""selected_filter"": {
    ""Cancer Type"": ""Small Cell Lung Cancer (SCLC)""
  },
  ""selected_column"": {
    ""Column 1"": ""NCT"",
    ""Column 2"": ""PMID"",
    ""Column 3"": ""Authors"",
    ""Column 4"": ""Year"",
    ""Column 5"": ""Original/Follow up"",
    ""Column 6"": ""Name of ICI"",
    ""Column 7"": ""Class of ICI"",
    ""Column 8"": ""Cancer type""
  }
}"
68,Show the treatment regimens and follow-up durations for trials combining two ICIs (ICI + ICI).,"{
  ""selected_filter"": {
    ""Type of combination (Treatment Arm)"": ""ICI + ICI""
  },
  ""selected_column"": {
    ""Column 1"": ""NCT"",
    ""Column 2"": ""PMID"",
    ""Column 3"": ""Authors"",
    ""Column 4"": ""Year"",
    ""Column 5"": ""Original/Follow up"",
    ""Column 6"": ""Treatment regimen"",
    ""Column 7"": ""Follow-up duration for primary endpoint(s) in months"",
    ""Column 8"": ""Type of combination""
  }
}"
69,Find the years and original/follow-up status for trials using avelumab in bladder cancer.,"{
  ""selected_filter"": {
    ""ICI Name"": ""Avelumab"",
    ""Cancer Type"": ""Bladder""
  },
  ""selected_column"": {
    ""Column 1"": ""NCT"",
    ""Column 2"": ""PMID"",
    ""Column 3"": ""Authors"",
    ""Column 4"": ""Year"",
    ""Column 5"": ""Original/Follow up"",
    ""Column 6"": ""Name of ICI"",
    ""Column 7"": ""Cancer type""
  }
}"
70,List the primary endpoints and control regimens for Phase 3 hepatocellular carcinoma trials.,"{
  ""selected_filter"": {
    ""Trial Phase"": ""Phase 3"",
    ""Cancer Type"": ""Hepatocellular carcinoma (HCC)""
  },
  ""selected_column"": {
    ""Column 1"": ""NCT"",
    ""Column 2"": ""PMID"",
    ""Column 3"": ""Authors"",
    ""Column 4"": ""Year"",
    ""Column 5"": ""Original/Follow up"",
    ""Column 6"": ""Primary endpoint"",
    ""Column 7"": ""Control regimen"",
    ""Column 8"": ""Trial phase"",
    ""Column 9"": ""Cancer type""
  }
}"
71,Show the authors and study names for trials where the primary endpoint was Pathologic Complete Response (pCR).,"{
  ""selected_filter"": {
    ""Primary Endpoint"": ""Path CR (Pathologic Complete Response; pCR)""
  },
  ""selected_column"": {
    ""Column 1"": ""NCT"",
    ""Column 2"": ""PMID"",
    ""Column 3"": ""Authors"",
    ""Column 4"": ""Year"",
    ""Column 5"": ""Original/Follow up"",
    ""Column 6"": ""Study name"",
    ""Column 7"": ""Primary endpoint""
  }
}"
72,List the treatment regimens and number of arms for trials in the neoadjuvant setting.,"{
  ""selected_filter"": {
    ""Clinical Setting"": ""Neoadjuvant""
  },
  ""selected_column"": {
    ""Column 1"": ""NCT"",
    ""Column 2"": ""PMID"",
    ""Column 3"": ""Authors"",
    ""Column 4"": ""Year"",
    ""Column 5"": ""Original/Follow up"",
    ""Column 6"": ""Treatment regimen"",
    ""Column 7"": ""Number of arms"",
    ""Column 8"": ""Clinical setting in relation to surgery""
  }
}"
73,Show the ICI classes and types of combination for trials where the control arm was an mTOR inhibitor.,"{
  ""selected_filter"": {
    ""Control Arm"": ""mTOR inhibitor""
  },
  ""selected_column"": {
    ""Column 1"": ""NCT"",
    ""Column 2"": ""PMID"",
    ""Column 3"": ""Authors"",
    ""Column 4"": ""Year"",
    ""Column 5"": ""Original/Follow up"",
    ""Column 6"": ""Class of ICI"",
    ""Column 7"": ""Type of combination"",
    ""Column 8"": ""Type of control""
  }
}"
74,What are the secondary endpoints and types of follow-up for trials evaluating tremelimumab?,"{
  ""selected_filter"": {
    ""ICI Name"": ""Tremelimumab""
  },
  ""selected_column"": {
    ""Column 1"": ""NCT"",
    ""Column 2"": ""PMID"",
    ""Column 3"": ""Authors"",
    ""Column 4"": ""Year"",
    ""Column 5"": ""Original/Follow up"",
    ""Column 6"": ""Secondary endpoint"",
    ""Column 7"": ""Type of follow-up given"",
    ""Column 8"": ""Name of ICI""
  }
}"
75,List the cancer types and specific ICI names for trials using a placebo control in Phase 3.,"{
  ""selected_filter"": {
    ""Trial Phase"": ""Phase 3"",
    ""Control Arm"": ""Placebo""
  },
  ""selected_column"": {
    ""Column 1"": ""NCT"",
    ""Column 2"": ""PMID"",
    ""Column 3"": ""Authors"",
    ""Column 4"": ""Year"",
    ""Column 5"": ""Original/Follow up"",
    ""Column 6"": ""Cancer type"",
    ""Column 7"": ""Name of ICI"",
    ""Column 8"": ""Type of control"",
    ""Column 9"": ""Trial phase""
  }
}"
76,Show the authors and years for follow-up publications regarding PD-1 inhibitors.,"{
  ""selected_filter"": {
    ""ICI Class"": ""PD-1"",
    ""Type of Study"": ""Follow-up""
  },
  ""selected_column"": {
    ""Column 1"": ""NCT"",
    ""Column 2"": ""PMID"",
    ""Column 3"": ""Authors"",
    ""Column 4"": ""Year"",
    ""Column 5"": ""Original/Follow up"",
    ""Column 6"": ""Class of ICI""
  }
}"
77,Find the treatment regimens and total sample sizes for breast cancer trials using combination therapy.,"{
  ""selected_filter"": {
    ""Cancer Type"": ""Breast"",
    ""Type of Therapy"": ""Combination Therapy""
  },
  ""selected_column"": {
    ""Column 1"": ""NCT"",
    ""Column 2"": ""PMID"",
    ""Column 3"": ""Authors"",
    ""Column 4"": ""Year"",
    ""Column 5"": ""Original/Follow up"",
    ""Column 6"": ""Treatment regimen"",
    ""Column 7"": ""Total sample size"",
    ""Column 8"": ""Cancer type"",
    ""Column 9"": ""Monotherapy/combination""
  }
}"
78,List the lines of treatment and control types for trials where the primary endpoint was Overall Survival (OS).,"{
  ""selected_filter"": {
    ""Primary Endpoint"": ""OS (Overall Survival)""
  },
  ""selected_column"": {
    ""Column 1"": ""NCT"",
    ""Column 2"": ""PMID"",
    ""Column 3"": ""Authors"",
    ""Column 4"": ""Year"",
    ""Column 5"": ""Original/Follow up"",
    ""Column 6"": ""Lines of treatment"",
    ""Column 7"": ""Type of control"",
    ""Column 8"": ""Primary endpoint""
  }
}"
79,Show the study names and PD-L1 inclusion criteria for trials combining ICI with Radiation.,"{
  ""selected_filter"": {
    ""Type of combination (Treatment Arm)"": ""ICI + RadiatICln (Radiation/Clinical Radiation)""
  },
  ""selected_column"": {
    ""Column 1"": ""NCT"",
    ""Column 2"": ""PMID"",
    ""Column 3"": ""Authors"",
    ""Column 4"": ""Year"",
    ""Column 5"": ""Original/Follow up"",
    ""Column 6"": ""Study name"",
    ""Column 7"": ""Is PD-L1 positivity inclusion criteria"",
    ""Column 8"": ""Type of combination""
  }
}"
80,What are the primary endpoints and authors for mesothelioma trials?,"{
  ""selected_filter"": {
    ""Cancer Type"": ""Mesothelioma""
  },
  ""selected_column"": {
    ""Column 1"": ""NCT"",
    ""Column 2"": ""PMID"",
    ""Column 3"": ""Authors"",
    ""Column 4"": ""Year"",
    ""Column 5"": ""Original/Follow up"",
    ""Column 6"": ""Primary endpoint"",
    ""Column 7"": ""Cancer type""
  }
}"
81,List the specific ICI names and control regimens for trials using pembrolizumab + chemotherapy combination.,"{
  ""selected_filter"": {
    ""Type of combination (Treatment Arm)"": ""ICI + Chemo"",
    ""ICI Name"": ""Pembrolizumab""
  },
  ""selected_column"": {
    ""Column 1"": ""NCT"",
    ""Column 2"": ""PMID"",
    ""Column 3"": ""Authors"",
    ""Column 4"": ""Year"",
    ""Column 5"": ""Original/Follow up"",
    ""Column 6"": ""Name of ICI"",
    ""Column 7"": ""Control regimen"",
    ""Column 8"": ""Type of combination""
  }
}"
82,Show the trial phases and years for studies where the control arm was Chemo / Anti-VEGF.,"{
  ""selected_filter"": {
    ""Control Arm"": ""Chemo / Anti-VEGF""
  },
  ""selected_column"": {
    ""Column 1"": ""NCT"",
    ""Column 2"": ""PMID"",
    ""Column 3"": ""Authors"",
    ""Column 4"": ""Year"",
    ""Column 5"": ""Original/Follow up"",
    ""Column 6"": ""Trial phase"",
    ""Column 7"": ""Control regimen""
  }
}"
83,Find the treatment regimens and total sample sizes for pancreatic cancer trials.,"{
  ""selected_filter"": {
    ""Cancer Type"": ""Pancreatic Cancer""
  },
  ""selected_column"": {
    ""Column 1"": ""NCT"",
    ""Column 2"": ""PMID"",
    ""Column 3"": ""Authors"",
    ""Column 4"": ""Year"",
    ""Column 5"": ""Original/Follow up"",
    ""Column 6"": ""Treatment regimen"",
    ""Column 7"": ""Total sample size"",
    ""Column 8"": ""Cancer type""
  }
}"
84,List the authors and primary endpoints for trials not included in the meta-analysis that used nivolumab.,"{
  ""selected_filter"": {
    ""Included in MA"": ""No"",
    ""ICI Name"": ""Nivolumab""
  },
  ""selected_column"": {
    ""Column 1"": ""NCT"",
    ""Column 2"": ""PMID"",
    ""Column 3"": ""Authors"",
    ""Column 4"": ""Year"",
    ""Column 5"": ""Original/Follow up"",
    ""Column 6"": ""Primary endpoint"",
    ""Column 7"": ""Name of ICI""
  }
}"
85,Show the ICI classes and types of combination for prostate cancer trials.,"{
  ""selected_filter"": {
    ""Cancer Type"": ""Prostate""
  },
  ""selected_column"": {
    ""Column 1"": ""NCT"",
    ""Column 2"": ""PMID"",
    ""Column 3"": ""Authors"",
    ""Column 4"": ""Year"",
    ""Column 5"": ""Original/Follow up"",
    ""Column 6"": ""Class of ICI"",
    ""Column 7"": ""Type of combination"",
    ""Column 8"": ""Cancer type""
  }
}"
86,What are the secondary endpoints and follow-up durations for trials combining ICI with a vaccine?,"{
  ""selected_filter"": {
    ""Type of combination (Treatment Arm)"": ""ICI + Vaccine""
  },
  ""selected_column"": {
    ""Column 1"": ""NCT"",
    ""Column 2"": ""PMID"",
    ""Column 3"": ""Authors"",
    ""Column 4"": ""Year"",
    ""Column 5"": ""Original/Follow up"",
    ""Column 6"": ""Secondary endpoint"",
    ""Column 7"": ""Follow-up duration for primary endpoint(s) in months"",
    ""Column 8"": ""Type of combination""
  }
}"
87,List the study names and lines of treatment for trials in the maintenance setting using durvalumab.,"{
  ""selected_filter"": {
    ""Clinical Setting"": ""Maintenance"",
    ""ICI Name"": ""Durvalumab""
  },
  ""selected_column"": {
    ""Column 1"": ""NCT"",
    ""Column 2"": ""PMID"",
    ""Column 3"": ""Authors"",
    ""Column 4"": ""Year"",
    ""Column 5"": ""Original/Follow up"",
    ""Column 6"": ""Study name"",
    ""Column 7"": ""Lines of treatment"",
    ""Column 8"": ""Name of ICI"",
    ""Column 9"": ""Clinical setting in relation to surgery""
  }
}"
88,Show the treatment regimens and control regimens for trials where the primary endpoint was Event-Free Survival (EFS).,"{
  ""selected_filter"": {
    ""Primary Endpoint"": ""EFS (Event-Free Survival)""
  },
  ""selected_column"": {
    ""Column 1"": ""NCT"",
    ""Column 2"": ""PMID"",
    ""Column 3"": ""Authors"",
    ""Column 4"": ""Year"",
    ""Column 5"": ""Original/Follow up"",
    ""Column 6"": ""Treatment regimen"",
    ""Column 7"": ""Control regimen"",
    ""Column 8"": ""Primary endpoint""
  }
}"
89,Find the years and number of arms for multiple myeloma trials involving ICIs.,"{
  ""selected_filter"": {
    ""Cancer Type"": ""Multiple Myeloma""
  },
  ""selected_column"": {
    ""Column 1"": ""NCT"",
    ""Column 2"": ""PMID"",
    ""Column 3"": ""Authors"",
    ""Column 4"": ""Year"",
    ""Column 5"": ""Original/Follow up"",
    ""Column 6"": ""Number of arms"",
    ""Column 7"": ""Cancer type""
  }
}"
90,List the specific ICI names and classes for trials where the control arm was Interferon.,"{
  ""selected_filter"": {
    ""Control Arm"": ""Interferon""
  },
  ""selected_column"": {
    ""Column 1"": ""NCT"",
    ""Column 2"": ""PMID"",
    ""Column 3"": ""Authors"",
    ""Column 4"": ""Year"",
    ""Column 5"": ""Original/Follow up"",
    ""Column 6"": ""Name of ICI"",
    ""Column 7"": ""Class of ICI"",
    ""Column 8"": ""Control regimen""
  }
}"
91,Show the trial phases and authors for studies using tremelimumab in combination with another ICI.,"{
  ""selected_filter"": {
    ""ICI Name"": ""Tremelimumab"",
    ""Type of combination (Treatment Arm)"": ""ICI + ICI""
  },
  ""selected_column"": {
    ""Column 1"": ""NCT"",
    ""Column 2"": ""PMID"",
    ""Column 3"": ""Authors"",
    ""Column 4"": ""Year"",
    ""Column 5"": ""Original/Follow up"",
    ""Column 6"": ""Trial phase"",
    ""Column 7"": ""Name of ICI"",
    ""Column 8"": ""Type of combination""
  }
}"
92,What are the biomarker inclusion details and total sample sizes for trials in gastric cancer?,"{
  ""selected_filter"": {
    ""Cancer Type"": ""Gastric/GEJ""
  },
  ""selected_column"": {
    ""Column 1"": ""NCT"",
    ""Column 2"": ""PMID"",
    ""Column 3"": ""Authors"",
    ""Column 4"": ""Year"",
    ""Column 5"": ""Original/Follow up"",
    ""Column 6"": ""Is any other biomarker used for inclusion"",
    ""Column 7"": ""Total sample size"",
    ""Column 8"": ""Cancer type""
  }
}"
93,List the treatment regimens and control types for trials where the ICI is combined with a BRAF and MEK inhibitor.,"{
  ""selected_filter"": {
    ""Type of combination (Treatment Arm)"": ""ICI + BRAFi + MEKi""
  },
  ""selected_column"": {
    ""Column 1"": ""NCT"",
    ""Column 2"": ""PMID"",
    ""Column 3"": ""Authors"",
    ""Column 4"": ""Year"",
    ""Column 5"": ""Original/Follow up"",
    ""Column 6"": ""Treatment regimen"",
    ""Column 7"": ""Type of control"",
    ""Column 8"": ""Type of combination""
  }
}"
94,Show the authors and original/follow-up status for trials where the control arm was Chemo / TKI.,"{
  ""selected_filter"": {
    ""Control Arm"": ""Chemo / TKI""
  },
  ""selected_column"": {
    ""Column 1"": ""NCT"",
    ""Column 2"": ""PMID"",
    ""Column 3"": ""Authors"",
    ""Column 4"": ""Year"",
    ""Column 5"": ""Original/Follow up"",
    ""Column 6"": ""Control regimen""
  }
}"
95,Find the primary endpoints and PD-L1 inclusion criteria for trials involving atezolizumab in urothelial carcinoma.,"{
  ""selected_filter"": {
    ""ICI Name"": ""Atezolizumab"",
    ""Cancer Type"": ""Urothelial""
  },
  ""selected_column"": {
    ""Column 1"": ""NCT"",
    ""Column 2"": ""PMID"",
    ""Column 3"": ""Authors"",
    ""Column 4"": ""Year"",
    ""Column 5"": ""Original/Follow up"",
    ""Column 6"": ""Primary endpoint"",
    ""Column 7"": ""Is PD-L1 positivity inclusion criteria"",
    ""Column 8"": ""Name of ICI"",
    ""Column 9"": ""Cancer type""
  }
}"
96,List the trial phases and specific ICI names for trials where the control arm was BRAFi + MEKi.,"{
  ""selected_filter"": {
    ""Control Arm"": ""BRAFi + MEKi""
  },
  ""selected_column"": {
    ""Column 1"": ""NCT"",
    ""Column 2"": ""PMID"",
    ""Column 3"": ""Authors"",
    ""Column 4"": ""Year"",
    ""Column 5"": ""Original/Follow up"",
    ""Column 6"": ""Trial phase"",
    ""Column 7"": ""Name of ICI"",
    ""Column 8"": ""Control regimen""
  }
}"
97,Show the treatment regimens and total sample sizes for trials in the adjuvant setting for NSCLC.,"{
  ""selected_filter"": {
    ""Clinical Setting"": ""Adjuvant"",
    ""Cancer Type"": ""Non-Small Cell Lung Cancer (NSCLC)""
  },
  ""selected_column"": {
    ""Column 1"": ""NCT"",
    ""Column 2"": ""PMID"",
    ""Column 3"": ""Authors"",
    ""Column 4"": ""Year"",
    ""Column 5"": ""Original/Follow up"",
    ""Column 6"": ""Treatment regimen"",
    ""Column 7"": ""Total sample size"",
    ""Column 8"": ""Clinical setting in relation to surgery"",
    ""Column 9"": ""Cancer type""
  }
}"
98,What are the secondary endpoints and types of follow-up for trials where the primary endpoint was RFS/DFS?,"{
  ""selected_filter"": {
    ""Primary Endpoint"": ""RFS (Recurrence-/Relapse-Free Survival)""
  },
  ""selected_column"": {
    ""Column 1"": ""NCT"",
    ""Column 2"": ""PMID"",
    ""Column 3"": ""Authors"",
    ""Column 4"": ""Year"",
    ""Column 5"": ""Original/Follow up"",
    ""Column 6"": ""Secondary endpoint"",
    ""Column 7"": ""Type of follow-up given"",
    ""Column 8"": ""Primary endpoint""
  }
}"
99,List the specific names of ICIs and their classes for trials where the control arm was a multikinase inhibitor.,"{
  ""selected_filter"": {
    ""Control Arm"": ""Multikinase inhibitor""
  },
  ""selected_column"": {
    ""Column 1"": ""NCT"",
    ""Column 2"": ""PMID"",
    ""Column 3"": ""Authors"",
    ""Column 4"": ""Year"",
    ""Column 5"": ""Original/Follow up"",
    ""Column 6"": ""Name of ICI"",
    ""Column 7"": ""Class of ICI"",
    ""Column 8"": ""Type of control""
  }
}"
100,Show the authors and years of publication for original Phase 3 studies in bladder cancer.,"{
  ""selected_filter"": {
    ""Trial Phase"": ""Phase 3"",
    ""Cancer Type"": ""Bladder"",
    ""Type of Study"": ""Original publication""
  },
  ""selected_column"": {
    ""Column 1"": ""NCT"",
    ""Column 2"": ""PMID"",
    ""Column 3"": ""Authors"",
    ""Column 4"": ""Year"",
    ""Column 5"": ""Original/Follow up"",
    ""Column 6"": ""Trial phase"",
    ""Column 7"": ""Cancer type""
  }
}"
101,List the authors and original publication years for studies where the ICI is used in a maintenance setting.,"{
  ""selected_filter"": {
    ""Clinical Setting"": ""Maintenance""
  },
  ""selected_column"": {
    ""Column 1"": ""NCT"",
    ""Column 2"": ""PMID"",
    ""Column 3"": ""Authors"",
    ""Column 4"": ""Year"",
    ""Column 5"": ""Original/Follow up"",
    ""Column 6"": ""Clinical setting in relation to surgery"",
    ""Column 7"": ""Study name""
  }
}"
102,Show the treatment regimens and control regimens for Phase 2 trials involving bladder cancer.,"{
  ""selected_filter"": {
    ""Trial Phase"": ""Phase 2"",
    ""Cancer Type"": ""Bladder""
  },
  ""selected_column"": {
    ""Column 1"": ""NCT"",
    ""Column 2"": ""PMID"",
    ""Column 3"": ""Authors"",
    ""Column 4"": ""Year"",
    ""Column 5"": ""Original/Follow up"",
    ""Column 6"": ""Treatment regimen"",
    ""Column 7"": ""Control regimen"",
    ""Column 8"": ""Trial phase"",
    ""Column 9"": ""Cancer type""
  }
}"
103,What are the primary endpoints and sample sizes for trials using nivolumab in combination with ipilimumab?,"{
  ""selected_filter"": {
    ""ICI Name"": ""Nivolumab"",
    ""Type of combination (Treatment Arm)"": ""ICI + ICI""
  },
  ""selected_column"": {
    ""Column 1"": ""NCT"",
    ""Column 2"": ""PMID"",
    ""Column 3"": ""Authors"",
    ""Column 4"": ""Year"",
    ""Column 5"": ""Original/Follow up"",
    ""Column 6"": ""Primary endpoint"",
    ""Column 7"": ""Total sample size"",
    ""Column 8"": ""Name of ICI"",
    ""Column 9"": ""Type of combination""
  }
}"
104,Find the study names and specific ICI names for trials where the control arm was Chemo / Anti-EGFR.,"{
  ""selected_filter"": {
    ""Control Arm"": ""Chemo / Anti-EGFR""
  },
  ""selected_column"": {
    ""Column 1"": ""NCT"",
    ""Column 2"": ""PMID"",
    ""Column 3"": ""Authors"",
    ""Column 4"": ""Year"",
    ""Column 5"": ""Original/Follow up"",
    ""Column 6"": ""Study name"",
    ""Column 7"": ""Name of ICI"",
    ""Column 8"": ""Control regimen""
  }
}"
105,List the secondary endpoints and types of follow-up for trials evaluating durvalumab in NSCLC.,"{
  ""selected_filter"": {
    ""ICI Name"": ""Durvalumab"",
    ""Cancer Type"": ""Non-Small Cell Lung Cancer (NSCLC)""
  },
  ""selected_column"": {
    ""Column 1"": ""NCT"",
    ""Column 2"": ""PMID"",
    ""Column 3"": ""Authors"",
    ""Column 4"": ""Year"",
    ""Column 5"": ""Original/Follow up"",
    ""Column 6"": ""Secondary endpoint"",
    ""Column 7"": ""Type of follow-up given"",
    ""Column 8"": ""Name of ICI"",
    ""Column 9"": ""Cancer type""
  }
}"
106,Show the trial phases and years for studies included in the meta-analysis for Head and Neck cancer.,"{
  ""selected_filter"": {
    ""Included in MA"": ""Yes"",
    ""Cancer Type"": ""Head and Neck (HNSCC)""
  },
  ""selected_column"": {
    ""Column 1"": ""NCT"",
    ""Column 2"": ""PMID"",
    ""Column 3"": ""Authors"",
    ""Column 4"": ""Year"",
    ""Column 5"": ""Original/Follow up"",
    ""Column 6"": ""Trial phase"",
    ""Column 7"": ""Cancer type""
  }
}"
107,List the ICI classes and authors for trials where the primary endpoint was Objective Response Rate (ORR).,"{
  ""selected_filter"": {
    ""Primary Endpoint"": ""ORR (Objective Response Rate)""
  },
  ""selected_column"": {
    ""Column 1"": ""NCT"",
    ""Column 2"": ""PMID"",
    ""Column 3"": ""Authors"",
    ""Column 4"": ""Year"",
    ""Column 5"": ""Original/Follow up"",
    ""Column 6"": ""Class of ICI"",
    ""Column 7"": ""Primary endpoint""
  }
}"
108,What are the control regimens and lines of treatment for trials using atezolizumab in combination with chemotherapy?,"{
  ""selected_filter"": {
    ""ICI Name"": ""Atezolizumab"",
    ""Type of combination (Treatment Arm)"": ""ICI + Chemo""
  },
  ""selected_column"": {
    ""Column 1"": ""NCT"",
    ""Column 2"": ""PMID"",
    ""Column 3"": ""Authors"",
    ""Column 4"": ""Year"",
    ""Column 5"": ""Original/Follow up"",
    ""Column 6"": ""Control regimen"",
    ""Column 7"": ""Lines of treatment"",
    ""Column 8"": ""Name of ICI"",
    ""Column 9"": ""Type of combination""
  }
}"
109,Show the biomarker inclusion details and study names for melanoma trials using PD-1 inhibitors.,"{
  ""selected_filter"": {
    ""ICI Class"": ""PD-1"",
    ""Cancer Type"": ""Melanoma""
  },
  ""selected_column"": {
    ""Column 1"": ""NCT"",
    ""Column 2"": ""PMID"",
    ""Column 3"": ""Authors"",
    ""Column 4"": ""Year"",
    ""Column 5"": ""Original/Follow up"",
    ""Column 6"": ""Is any other biomarker used for inclusion"",
    ""Column 7"": ""Study name"",
    ""Column 8"": ""Class of ICI"",
    ""Column 9"": ""Cancer type""
  }
}"
110,List the treatment regimens and follow-up durations for trials where the control arm was Chemo / Anti-VEGF.,"{
  ""selected_filter"": {
    ""Control Arm"": ""Chemo / Anti-VEGF""
  },
  ""selected_column"": {
    ""Column 1"": ""NCT"",
    ""Column 2"": ""PMID"",
    ""Column 3"": ""Authors"",
    ""Column 4"": ""Year"",
    ""Column 5"": ""Original/Follow up"",
    ""Column 6"": ""Treatment regimen"",
    ""Column 7"": ""Follow-up duration for primary endpoint(s) in months"",
    ""Column 8"": ""Control regimen""
  }
}"
111,Find the years and number of arms for trials in the adjuvant setting for renal cell carcinoma.,"{
  ""selected_filter"": {
    ""Clinical Setting"": ""Adjuvant"",
    ""Cancer Type"": ""Renal Cell Carcinoma (RCC)""
  },
  ""selected_column"": {
    ""Column 1"": ""NCT"",
    ""Column 2"": ""PMID"",
    ""Column 3"": ""Authors"",
    ""Column 4"": ""Year"",
    ""Column 5"": ""Original/Follow up"",
    ""Column 6"": ""Number of arms"",
    ""Column 7"": ""Clinical setting in relation to surgery"",
    ""Column 8"": ""Cancer type""
  }
}"
112,Show the authors and specific ICI names for trials where the primary endpoint was Event-Free Survival (EFS).,"{
  ""selected_filter"": {
    ""Primary Endpoint"": ""EFS (Event-Free Survival)""
  },
  ""selected_column"": {
    ""Column 1"": ""NCT"",
    ""Column 2"": ""PMID"",
    ""Column 3"": ""Authors"",
    ""Column 4"": ""Year"",
    ""Column 5"": ""Original/Follow up"",
    ""Column 6"": ""Name of ICI"",
    ""Column 7"": ""Primary endpoint""
  }
}"
113,List the combination types and control regimens for trials using tremelimumab in HCC.,"{
  ""selected_filter"": {
    ""ICI Name"": ""Tremelimumab"",
    ""Cancer Type"": ""Hepatocellular carcinoma (HCC)""
  },
  ""selected_column"": {
    ""Column 1"": ""NCT"",
    ""Column 2"": ""PMID"",
    ""Column 3"": ""Authors"",
    ""Column 4"": ""Year"",
    ""Column 5"": ""Original/Follow up"",
    ""Column 6"": ""Type of combination"",
    ""Column 7"": ""Control regimen"",
    ""Column 8"": ""Name of ICI"",
    ""Column 9"": ""Cancer type""
  }
}"
114,What are the PD-L1 inclusion criteria and trial phases for studies where the ICI is combined with radiation?,"{
  ""selected_filter"": {
    ""Type of combination (Treatment Arm)"": ""ICI + RadiatICln (Radiation/Clinical Radiation)""
  },
  ""selected_column"": {
    ""Column 1"": ""NCT"",
    ""Column 2"": ""PMID"",
    ""Column 3"": ""Authors"",
    ""Column 4"": ""Year"",
    ""Column 5"": ""Original/Follow up"",
    ""Column 6"": ""Is PD-L1 positivity inclusion criteria"",
    ""Column 7"": ""Trial phase"",
    ""Column 8"": ""Type of combination""
  }
}"
115,Show the total sample size and original/follow-up status for trials using pembrolizumab in microsatellite instability-high (MSI-H) colorectal cancer.,"{
  ""selected_filter"": {
    ""ICI Name"": ""Pembrolizumab"",
    ""Cancer Type"": ""Colorectal""
  },
  ""selected_column"": {
    ""Column 1"": ""NCT"",
    ""Column 2"": ""PMID"",
    ""Column 3"": ""Authors"",
    ""Column 4"": ""Year"",
    ""Column 5"": ""Original/Follow up"",
    ""Column 6"": ""Total sample size"",
    ""Column 7"": ""Name of ICI"",
    ""Column 8"": ""Cancer type""
  }
}"
116,List the study names and primary endpoints for trials where the control arm was observation.,"{
  ""selected_filter"": {
    ""Control Arm"": ""Best Supportive Care (BSC)""
  },
  ""selected_column"": {
    ""Column 1"": ""NCT"",
    ""Column 2"": ""PMID"",
    ""Column 3"": ""Authors"",
    ""Column 4"": ""Year"",
    ""Column 5"": ""Original/Follow up"",
    ""Column 6"": ""Study name"",
    ""Column 7"": ""Primary endpoint"",
    ""Column 8"": ""Control regimen""
  }
}"
117,Find the ICI classes and types of combination for trials in the neoadjuvant setting for breast cancer.,"{
  ""selected_filter"": {
    ""Clinical Setting"": ""Neoadjuvant"",
    ""Cancer Type"": ""Breast""
  },
  ""selected_column"": {
    ""Column 1"": ""NCT"",
    ""Column 2"": ""PMID"",
    ""Column 3"": ""Authors"",
    ""Column 4"": ""Year"",
    ""Column 5"": ""Original/Follow up"",
    ""Column 6"": ""Class of ICI"",
    ""Column 7"": ""Type of combination"",
    ""Column 8"": ""Clinical setting in relation to surgery"",
    ""Column 9"": ""Cancer type""
  }
}"
118,Show the authors and years for trials where the combination is ICI + MEKi + BRAFi.,"{
  ""selected_filter"": {
    ""Type of combination (Treatment Arm)"": ""ICI + BRAFi + MEKi""
  },
  ""selected_column"": {
    ""Column 1"": ""NCT"",
    ""Column 2"": ""PMID"",
    ""Column 3"": ""Authors"",
    ""Column 4"": ""Year"",
    ""Column 5"": ""Original/Follow up"",
    ""Column 6"": ""Type of combination""
  }
}"
119,List the treatment regimens and control regimens for trials using cemiplimab in cutaneous squamous cell carcinoma.,"{
  ""selected_filter"": {
    ""ICI Name"": ""Cemiplimab""
  },
  ""selected_column"": {
    ""Column 1"": ""NCT"",
    ""Column 2"": ""PMID"",
    ""Column 3"": ""Authors"",
    ""Column 4"": ""Year"",
    ""Column 5"": ""Original/Follow up"",
    ""Column 6"": ""Treatment regimen"",
    ""Column 7"": ""Control regimen"",
    ""Column 8"": ""Name of ICI""
  }
}"
120,What are the secondary endpoints and follow-up durations for trials where the control arm was a TKI?,"{
  ""selected_filter"": {
    ""Control Arm"": ""TKI (Tyrosine Kinase Inhibitor)""
  },
  ""selected_column"": {
    ""Column 1"": ""NCT"",
    ""Column 2"": ""PMID"",
    ""Column 3"": ""Authors"",
    ""Column 4"": ""Year"",
    ""Column 5"": ""Original/Follow up"",
    ""Column 6"": ""Secondary endpoint"",
    ""Column 7"": ""Follow-up duration for primary endpoint(s) in months"",
    ""Column 8"": ""Type of control""
  }
}"
121,Show the trial phases and years for studies using nivolumab monotherapy in gastric cancer.,"{
  ""selected_filter"": {
    ""ICI Name"": ""Nivolumab"",
    ""Cancer Type"": ""Gastric/GEJ"",
    ""Type of Therapy"": ""Monotherapy""
  },
  ""selected_column"": {
    ""Column 1"": ""NCT"",
    ""Column 2"": ""PMID"",
    ""Column 3"": ""Authors"",
    ""Column 4"": ""Year"",
    ""Column 5"": ""Original/Follow up"",
    ""Column 6"": ""Trial phase"",
    ""Column 7"": ""Name of ICI"",
    ""Column 8"": ""Cancer type"",
    ""Column 9"": ""Monotherapy/combination""
  }
}"
122,List the specific ICI names and classes for trials where the primary endpoint was Pathologic Complete Response (pCR) in TNBC.,"{
  ""selected_filter"": {
    ""Primary Endpoint"": ""Path CR (Pathologic Complete Response; pCR)"",
    ""Cancer Type"": ""Breast""
  },
  ""selected_column"": {
    ""Column 1"": ""NCT"",
    ""Column 2"": ""PMID"",
    ""Column 3"": ""Authors"",
    ""Column 4"": ""Year"",
    ""Column 5"": ""Original/Follow up"",
    ""Column 6"": ""Name of ICI"",
    ""Column 7"": ""Class of ICI"",
    ""Column 8"": ""Primary endpoint"",
    ""Column 9"": ""Cancer type""
  }
}"
123,Find the study names and control types for trials using ipilimumab in combination with nivolumab.,"{
  ""selected_filter"": {
    ""ICI Name"": ""Ipilimumab"",
    ""Type of combination (Treatment Arm)"": ""ICI + ICI""
  },
  ""selected_column"": {
    ""Column 1"": ""NCT"",
    ""Column 2"": ""PMID"",
    ""Column 3"": ""Authors"",
    ""Column 4"": ""Year"",
    ""Column 5"": ""Original/Follow up"",
    ""Column 6"": ""Study name"",
    ""Column 7"": ""Type of control"",
    ""Column 8"": ""Name of ICI"",
    ""Column 9"": ""Type of combination""
  }
}"
124,Show the total sample size and number of arms for Phase 3 trials in esophageal cancer.,"{
  ""selected_filter"": {
    ""Trial Phase"": ""Phase 3"",
    ""Cancer Type"": ""Esophageal/GEJ""
  },
  ""selected_column"": {
    ""Column 1"": ""NCT"",
    ""Column 2"": ""PMID"",
    ""Column 3"": ""Authors"",
    ""Column 4"": ""Year"",
    ""Column 5"": ""Original/Follow up"",
    ""Column 6"": ""Total sample size"",
    ""Column 7"": ""Number of arms"",
    ""Column 8"": ""Trial phase"",
    ""Column 9"": ""Cancer type""
  }
}"
125,List the biomarker inclusion details and authors for trials where the combination is ICI + Chemo + Anti-VEGF.,"{
  ""selected_filter"": {
    ""Type of combination (Treatment Arm)"": ""ICI + Chemo + Anti-VEGF""
  },
  ""selected_column"": {
    ""Column 1"": ""NCT"",
    ""Column 2"": ""PMID"",
    ""Column 3"": ""Authors"",
    ""Column 4"": ""Year"",
    ""Column 5"": ""Original/Follow up"",
    ""Column 6"": ""Is any other biomarker used for inclusion"",
    ""Column 7"": ""Type of combination""
  }
}"
126,What are the primary endpoints and original/follow-up status for trials using avelumab in RCC.,"{
  ""selected_filter"": {
    ""ICI Name"": ""Avelumab"",
    ""Cancer Type"": ""Renal Cell Carcinoma (RCC)""
  },
  ""selected_column"": {
    ""Column 1"": ""NCT"",
    ""Column 2"": ""PMID"",
    ""Column 3"": ""Authors"",
    ""Column 4"": ""Year"",
    ""Column 5"": ""Original/Follow up"",
    ""Column 6"": ""Primary endpoint"",
    ""Column 7"": ""Name of ICI"",
    ""Column 8"": ""Cancer type""
  }
}"
127,Show the treatment regimens and control regimens for trials where the control arm was Chemo / TKI.,"{
  ""selected_filter"": {
    ""Control Arm"": ""Chemo / TKI""
  },
  ""selected_column"": {
    ""Column 1"": ""NCT"",
    ""Column 2"": ""PMID"",
    ""Column 3"": ""Authors"",
    ""Column 4"": ""Year"",
    ""Column 5"": ""Original/Follow up"",
    ""Column 6"": ""Treatment regimen"",
    ""Column 7"": ""Control regimen"",
    ""Column 8"": ""Type of control""
  }
}"
128,List the years and study names for follow-up publications in melanoma.,"{
  ""selected_filter"": {
    ""Type of Study"": ""Follow-up"",
    ""Cancer Type"": ""Melanoma""
  },
  ""selected_column"": {
    ""Column 1"": ""NCT"",
    ""Column 2"": ""PMID"",
    ""Column 3"": ""Authors"",
    ""Column 4"": ""Year"",
    ""Column 5"": ""Original/Follow up"",
    ""Column 6"": ""Study name"",
    ""Column 7"": ""Cancer type""
  }
}"
129,Find the ICI classes and trial phases for studies where the control arm was a vaccine.,"{
  ""selected_filter"": {
    ""Control Arm"": ""Vaccine""
  },
  ""selected_column"": {
    ""Column 1"": ""NCT"",
    ""Column 2"": ""PMID"",
    ""Column 3"": ""Authors"",
    ""Column 4"": ""Year"",
    ""Column 5"": ""Original/Follow up"",
    ""Column 6"": ""Class of ICI"",
    ""Column 7"": ""Trial phase"",
    ""Column 8"": ""Type of control""
  }
}"
130,Show the lines of treatment and total sample sizes for trials in the metastatic setting for SCLC.,"{
  ""selected_filter"": {
    ""Cancer Type"": ""Small Cell Lung Cancer (SCLC)"",
    ""Clinical Setting"": ""Metastatic / Recurrent (Unresectable)""
  },
  ""selected_column"": {
    ""Column 1"": ""NCT"",
    ""Column 2"": ""PMID"",
    ""Column 3"": ""Authors"",
    ""Column 4"": ""Year"",
    ""Column 5"": ""Original/Follow up"",
    ""Column 6"": ""Lines of treatment"",
    ""Column 7"": ""Total sample size"",
    ""Column 8"": ""Cancer type"",
    ""Column 9"": ""Clinical setting in relation to surgery""
  }
}"
131,List the authors and primary endpoints for trials involving atezolizumab in TNBC.,"{
  ""selected_filter"": {
    ""ICI Name"": ""Atezolizumab"",
    ""Cancer Type"": ""Breast""
  },
  ""selected_column"": {
    ""Column 1"": ""NCT"",
    ""Column 2"": ""PMID"",
    ""Column 3"": ""Authors"",
    ""Column 4"": ""Year"",
    ""Column 5"": ""Original/Follow up"",
    ""Column 6"": ""Primary endpoint"",
    ""Column 7"": ""Name of ICI"",
    ""Column 8"": ""Cancer type""
  }
}"
132,What are the secondary endpoints and types of follow-up for trials where the primary endpoint was Safety?,"{
  ""selected_filter"": {
    ""Primary Endpoint"": ""Safety""
  },
  ""selected_column"": {
    ""Column 1"": ""NCT"",
    ""Column 2"": ""PMID"",
    ""Column 3"": ""Authors"",
    ""Column 4"": ""Year"",
    ""Column 5"": ""Original/Follow up"",
    ""Column 6"": ""Secondary endpoint"",
    ""Column 7"": ""Type of follow-up given"",
    ""Column 8"": ""Primary endpoint""
  }
}"
133,Show the trial phases and specific ICI names for trials where the control arm was Interferon.,"{
  ""selected_filter"": {
    ""Control Arm"": ""Interferon""
  },
  ""selected_column"": {
    ""Column 1"": ""NCT"",
    ""Column 2"": ""PMID"",
    ""Column 3"": ""Authors"",
    ""Column 4"": ""Year"",
    ""Column 5"": ""Original/Follow up"",
    ""Column 6"": ""Trial phase"",
    ""Column 7"": ""Name of ICI"",
    ""Column 8"": ""Control regimen""
  }
}"
134,List the treatment regimens and control regimens for Phase 3 trials in prostate cancer.,"{
  ""selected_filter"": {
    ""Trial Phase"": ""Phase 3"",
    ""Cancer Type"": ""Prostate""
  },
  ""selected_column"": {
    ""Column 1"": ""NCT"",
    ""Column 2"": ""PMID"",
    ""Column 3"": ""Authors"",
    ""Column 4"": ""Year"",
    ""Column 5"": ""Original/Follow up"",
    ""Column 6"": ""Treatment regimen"",
    ""Column 7"": ""Control regimen"",
    ""Column 8"": ""Trial phase"",
    ""Column 9"": ""Cancer type""
  }
}"
135,Find the study names and PD-L1 inclusion criteria for trials involving pembrolizumab in urothelial cancer.,"{
  ""selected_filter"": {
    ""ICI Name"": ""Pembrolizumab"",
    ""Cancer Type"": ""Urothelial""
  },
  ""selected_column"": {
    ""Column 1"": ""NCT"",
    ""Column 2"": ""PMID"",
    ""Column 3"": ""Authors"",
    ""Column 4"": ""Year"",
    ""Column 5"": ""Original/Follow up"",
    ""Column 6"": ""Study name"",
    ""Column 7"": ""Is PD-L1 positivity inclusion criteria"",
    ""Column 8"": ""Name of ICI"",
    ""Column 9"": ""Cancer type""
  }
}"
136,Show the ICI classes and types of combination for trials not included in the meta-analysis for lung cancer.,"{
  ""selected_filter"": {
    ""Included in MA"": ""No"",
    ""Cancer Type"": ""Non-Small Cell Lung Cancer (NSCLC)""
  },
  ""selected_column"": {
    ""Column 1"": ""NCT"",
    ""Column 2"": ""PMID"",
    ""Column 3"": ""Authors"",
    ""Column 4"": ""Year"",
    ""Column 5"": ""Original/Follow up"",
    ""Column 6"": ""Class of ICI"",
    ""Column 7"": ""Type of combination"",
    ""Column 8"": ""Cancer type""
  }
}"
137,List the years and authors for trials where the primary endpoint was Recurrence-Free Survival (RFS).,"{
  ""selected_filter"": {
    ""Primary Endpoint"": ""RFS (Recurrence-/Relapse-Free Survival)""
  },
  ""selected_column"": {
    ""Column 1"": ""NCT"",
    ""Column 2"": ""PMID"",
    ""Column 3"": ""Authors"",
    ""Column 4"": ""Year"",
    ""Column 5"": ""Original/Follow up"",
    ""Column 6"": ""Primary endpoint""
  }
}"
138,What are the control types and number of arms for trials using durvalumab in combination with tremelimumab?,"{
  ""selected_filter"": {
    ""ICI Name"": ""Durvalumab"",
    ""Type of combination (Treatment Arm)"": ""ICI + ICI""
  },
  ""selected_column"": {
    ""Column 1"": ""NCT"",
    ""Column 2"": ""PMID"",
    ""Column 3"": ""Authors"",
    ""Column 4"": ""Year"",
    ""Column 5"": ""Original/Follow up"",
    ""Column 6"": ""Type of control"",
    ""Column 7"": ""Number of arms"",
    ""Column 8"": ""Name of ICI"",
    ""Column 9"": ""Type of combination""
  }
}"
139,Show the treatment regimens and follow-up durations for trials in the neoadjuvant setting for NSCLC.,"{
  ""selected_filter"": {
    ""Clinical Setting"": ""Neoadjuvant"",
    ""Cancer Type"": ""Non-Small Cell Lung Cancer (NSCLC)""
  },
  ""selected_column"": {
    ""Column 1"": ""NCT"",
    ""Column 2"": ""PMID"",
    ""Column 3"": ""Authors"",
    ""Column 4"": ""Year"",
    ""Column 5"": ""Original/Follow up"",
    ""Column 6"": ""Treatment regimen"",
    ""Column 7"": ""Follow-up duration for primary endpoint(s) in months"",
    ""Column 8"": ""Clinical setting in relation to surgery"",
    ""Column 9"": ""Cancer type""
  }
}"
140,List the specific ICI names and study names for trials where the control arm was placebo in Phase 2.,"{
  ""selected_filter"": {
    ""Trial Phase"": ""Phase 2"",
    ""Control Arm"": ""Placebo""
  },
  ""selected_column"": {
    ""Column 1"": ""NCT"",
    ""Column 2"": ""PMID"",
    ""Column 3"": ""Authors"",
    ""Column 4"": ""Year"",
    ""Column 5"": ""Original/Follow up"",
    ""Column 6"": ""Name of ICI"",
    ""Column 7"": ""Study name"",
    ""Column 8"": ""Trial phase"",
    ""Column 9"": ""Type of control""
  }
}"
141,Find the authors and biomarker inclusion details for trials where the control arm was BRAFi + MEKi.,"{
  ""selected_filter"": {
    ""Control Arm"": ""BRAFi + MEKi""
  },
  ""selected_column"": {
    ""Column 1"": ""NCT"",
    ""Column 2"": ""PMID"",
    ""Column 3"": ""Authors"",
    ""Column 4"": ""Year"",
    ""Column 5"": ""Original/Follow up"",
    ""Column 6"": ""Is any other biomarker used for inclusion"",
    ""Column 7"": ""Control regimen""
  }
}"
142,Show the primary endpoints and original/follow-up status for trials using ICI + Anti-VEGF in HCC.,"{
  ""selected_filter"": {
    ""Type of combination (Treatment Arm)"": ""ICI + Anti-VEGF"",
    ""Cancer Type"": ""Hepatocellular carcinoma (HCC)""
  },
  ""selected_column"": {
    ""Column 1"": ""NCT"",
    ""Column 2"": ""PMID"",
    ""Column 3"": ""Authors"",
    ""Column 4"": ""Year"",
    ""Column 5"": ""Original/Follow up"",
    ""Column 6"": ""Primary endpoint"",
    ""Column 7"": ""Type of combination"",
    ""Column 8"": ""Cancer type""
  }
}"
143,List the treatment regimens and total sample sizes for trials using nivolumab in mesothelioma.,"{
  ""selected_filter"": {
    ""ICI Name"": ""Nivolumab"",
    ""Cancer Type"": ""Mesothelioma""
  },
  ""selected_column"": {
    ""Column 1"": ""NCT"",
    ""Column 2"": ""PMID"",
    ""Column 3"": ""Authors"",
    ""Column 4"": ""Year"",
    ""Column 5"": ""Original/Follow up"",
    ""Column 6"": ""Treatment regimen"",
    ""Column 7"": ""Total sample size"",
    ""Column 8"": ""Name of ICI"",
    ""Column 9"": ""Cancer type""
  }
}"
144,What are the secondary endpoints and control regimens for trials in the adjuvant setting for melanoma?,"{
  ""selected_filter"": {
    ""Clinical Setting"": ""Adjuvant"",
    ""Cancer Type"": ""Melanoma""
  },
  ""selected_column"": {
    ""Column 1"": ""NCT"",
    ""Column 2"": ""PMID"",
    ""Column 3"": ""Authors"",
    ""Column 4"": ""Year"",
    ""Column 5"": ""Original/Follow up"",
    ""Column 6"": ""Secondary endpoint"",
    ""Column 7"": ""Control regimen"",
    ""Column 8"": ""Clinical setting in relation to surgery"",
    ""Column 9"": ""Cancer type""
  }
}"
145,Show the trial phases and years for studies using pembrolizumab monotherapy in NSCLC.,"{
  ""selected_filter"": {
    ""ICI Name"": ""Pembrolizumab"",
    ""Type of Therapy"": ""Monotherapy"",
    ""Cancer Type"": ""Non-Small Cell Lung Cancer (NSCLC)""
  },
  ""selected_column"": {
    ""Column 1"": ""NCT"",
    ""Column 2"": ""PMID"",
    ""Column 3"": ""Authors"",
    ""Column 4"": ""Year"",
    ""Column 5"": ""Original/Follow up"",
    ""Column 6"": ""Trial phase"",
    ""Column 7"": ""Name of ICI"",
    ""Column 8"": ""Monotherapy/combination"",
    ""Column 9"": ""Cancer type""
  }
}"
146,List the specific ICI names and types of combination for trials where the control arm was Chemo / Anti-EGFR.,"{
  ""selected_filter"": {
    ""Control Arm"": ""Chemo / Anti-EGFR""
  },
  ""selected_column"": {
    ""Column 1"": ""NCT"",
    ""Column 2"": ""PMID"",
    ""Column 3"": ""Authors"",
    ""Column 4"": ""Year"",
    ""Column 5"": ""Original/Follow up"",
    ""Column 6"": ""Name of ICI"",
    ""Column 7"": ""Type of combination"",
    ""Column 8"": ""Control regimen""
  }
}"
147,Find the study names and primary endpoints for trials using durvalumab in SCLC.,"{
  ""selected_filter"": {
    ""ICI Name"": ""Durvalumab"",
    ""Cancer Type"": ""Small Cell Lung Cancer (SCLC)""
  },
  ""selected_column"": {
    ""Column 1"": ""NCT"",
    ""Column 2"": ""PMID"",
    ""Column 3"": ""Authors"",
    ""Column 4"": ""Year"",
    ""Column 5"": ""Original/Follow up"",
    ""Column 6"": ""Study name"",
    ""Column 7"": ""Primary endpoint"",
    ""Column 8"": ""Name of ICI"",
    ""Column 9"": ""Cancer type""
  }
}"
148,Show the authors and years for trials included in the meta-analysis using CTLA-4 inhibitors.,"{
  ""selected_filter"": {
    ""Included in MA"": ""Yes"",
    ""ICI Class"": ""CTLA-4""
  },
  ""selected_column"": {
    ""Column 1"": ""NCT"",
    ""Column 2"": ""PMID"",
    ""Column 3"": ""Authors"",
    ""Column 4"": ""Year"",
    ""Column 5"": ""Original/Follow up"",
    ""Column 6"": ""Class of ICI""
  }
}"
149,List the treatment regimens and control regimens for trials using ICI + Chemo in gastric cancer.,"{
  ""selected_filter"": {
    ""Type of combination (Treatment Arm)"": ""ICI + Chemo"",
    ""Cancer Type"": ""Gastric/GEJ""
  },
  ""selected_column"": {
    ""Column 1"": ""NCT"",
    ""Column 2"": ""PMID"",
    ""Column 3"": ""Authors"",
    ""Column 4"": ""Year"",
    ""Column 5"": ""Original/Follow up"",
    ""Column 6"": ""Treatment regimen"",
    ""Column 7"": ""Control regimen"",
    ""Column 8"": ""Type of combination"",
    ""Column 9"": ""Cancer type""
  }
}"
150,What are the secondary endpoints and follow-up durations for trials where the control arm was a multikinase inhibitor?,"{
  ""selected_filter"": {
    ""Control Arm"": ""Multikinase inhibitor""
  },
  ""selected_column"": {
    ""Column 1"": ""NCT"",
    ""Column 2"": ""PMID"",
    ""Column 3"": ""Authors"",
    ""Column 4"": ""Year"",
    ""Column 5"": ""Original/Follow up"",
    ""Column 6"": ""Secondary endpoint"",
    ""Column 7"": ""Follow-up duration for primary endpoint(s) in months"",
    ""Column 8"": ""Type of control""
  }
}"
151,List the study names and primary endpoints for trials involving nivolumab in esophageal cancer.,"{
  ""selected_filter"": {
    ""ICI Name"": ""Nivolumab"",
    ""Cancer Type"": ""Esophageal/GEJ""
  },
  ""selected_column"": {
    ""Column 1"": ""NCT"",
    ""Column 2"": ""PMID"",
    ""Column 3"": ""Authors"",
    ""Column 4"": ""Year"",
    ""Column 5"": ""Original/Follow up"",
    ""Column 6"": ""Study name"",
    ""Column 7"": ""Primary endpoint"",
    ""Column 8"": ""Cancer type""
  }
}"
152,Show the treatment regimens and trial phases for adjuvant therapy trials using pembrolizumab.,"{
  ""selected_filter"": {
    ""ICI Name"": ""Pembrolizumab"",
    ""Clinical Setting"": ""Adjuvant""
  },
  ""selected_column"": {
    ""Column 1"": ""NCT"",
    ""Column 2"": ""PMID"",
    ""Column 3"": ""Authors"",
    ""Column 4"": ""Year"",
    ""Column 5"": ""Original/Follow up"",
    ""Column 6"": ""Treatment regimen"",
    ""Column 7"": ""Trial phase"",
    ""Column 8"": ""Clinical setting in relation to surgery""
  }
}"
153,What are the authors and years for Small Cell Lung Cancer trials in Phase 3?,"{
  ""selected_filter"": {
    ""Cancer Type"": ""Small Cell Lung Cancer (SCLC)"",
    ""Trial Phase"": ""Phase 3""
  },
  ""selected_column"": {
    ""Column 1"": ""NCT"",
    ""Column 2"": ""PMID"",
    ""Column 3"": ""Authors"",
    ""Column 4"": ""Year"",
    ""Column 5"": ""Original/Follow up"",
    ""Column 6"": ""Trial phase"",
    ""Column 7"": ""Cancer type""
  }
}"
154,Find the specific ICI names and control regimens for trials where the control was chemotherapy.,"{
  ""selected_filter"": {
    ""Control Arm"": ""Chemo""
  },
  ""selected_column"": {
    ""Column 1"": ""NCT"",
    ""Column 2"": ""PMID"",
    ""Column 3"": ""Authors"",
    ""Column 4"": ""Year"",
    ""Column 5"": ""Original/Follow up"",
    ""Column 6"": ""Name of ICI"",
    ""Column 7"": ""Control regimen"",
    ""Column 8"": ""Type of control""
  }
}"
155,List the follow-up durations and total sample sizes for trials with Progression-Free Survival (PFS) as the primary endpoint.,"{
  ""selected_filter"": {
    ""Primary Endpoint"": ""PFS (Progression-Free Survival)""
  },
  ""selected_column"": {
    ""Column 1"": ""NCT"",
    ""Column 2"": ""PMID"",
    ""Column 3"": ""Authors"",
    ""Column 4"": ""Year"",
    ""Column 5"": ""Original/Follow up"",
    ""Column 6"": ""Follow-up duration for primary endpoint(s) in months"",
    ""Column 7"": ""Total sample size"",
    ""Column 8"": ""Primary endpoint""
  }
}"
156,Show the study names and years for neoadjuvant breast cancer trials.,"{
  ""selected_filter"": {
    ""Cancer Type"": ""Breast"",
    ""Clinical Setting"": ""Neoadjuvant""
  },
  ""selected_column"": {
    ""Column 1"": ""NCT"",
    ""Column 2"": ""PMID"",
    ""Column 3"": ""Authors"",
    ""Column 4"": ""Year"",
    ""Column 5"": ""Original/Follow up"",
    ""Column 6"": ""Study name"",
    ""Column 7"": ""Clinical setting in relation to surgery"",
    ""Column 8"": ""Cancer type""
  }
}"
157,What are the treatment regimens for trials combining atezolizumab with chemotherapy?,"{
  ""selected_filter"": {
    ""ICI Name"": ""Atezolizumab"",
    ""Type of combination (Treatment Arm)"": ""ICI + Chemo""
  },
  ""selected_column"": {
    ""Column 1"": ""NCT"",
    ""Column 2"": ""PMID"",
    ""Column 3"": ""Authors"",
    ""Column 4"": ""Year"",
    ""Column 5"": ""Original/Follow up"",
    ""Column 6"": ""Treatment regimen"",
    ""Column 7"": ""Type of combination"",
    ""Column 8"": ""Name of ICI""
  }
}"
158,List the study names and years for Renal Cell Carcinoma trials where the control was a TKI.,"{
  ""selected_filter"": {
    ""Cancer Type"": ""Renal Cell Carcinoma (RCC)"",
    ""Control Arm"": ""TKI (Tyrosine Kinase Inhibitor)""
  },
  ""selected_column"": {
    ""Column 1"": ""NCT"",
    ""Column 2"": ""PMID"",
    ""Column 3"": ""Authors"",
    ""Column 4"": ""Year"",
    ""Column 5"": ""Original/Follow up"",
    ""Column 6"": ""Study name"",
    ""Column 7"": ""Control regimen"",
    ""Column 8"": ""Cancer type""
  }
}"
159,Show the trial phases and sample sizes for studies involving durvalumab included in the meta-analysis.,"{
  ""selected_filter"": {
    ""ICI Name"": ""Durvalumab"",
    ""Included in MA"": ""Yes""
  },
  ""selected_column"": {
    ""Column 1"": ""NCT"",
    ""Column 2"": ""PMID"",
    ""Column 3"": ""Authors"",
    ""Column 4"": ""Year"",
    ""Column 5"": ""Original/Follow up"",
    ""Column 6"": ""Trial phase"",
    ""Column 7"": ""Total sample size"",
    ""Column 8"": ""Name of ICI""
  }
}"
160,Find the secondary endpoints and authors for Head and Neck cancer trials using monotherapy.,"{
  ""selected_filter"": {
    ""Cancer Type"": ""Head and Neck (HNSCC)"",
    ""Type of Therapy"": ""Monotherapy""
  },
  ""selected_column"": {
    ""Column 1"": ""NCT"",
    ""Column 2"": ""PMID"",
    ""Column 3"": ""Authors"",
    ""Column 4"": ""Year"",
    ""Column 5"": ""Original/Follow up"",
    ""Column 6"": ""Secondary endpoint"",
    ""Column 7"": ""Monotherapy/combination"",
    ""Column 8"": ""Cancer type""
  }
}"
161,List the primary endpoints and original/follow-up status for ipilimumab trials.,"{
  ""selected_filter"": {
    ""ICI Name"": ""Ipilimumab""
  },
  ""selected_column"": {
    ""Column 1"": ""NCT"",
    ""Column 2"": ""PMID"",
    ""Column 3"": ""Authors"",
    ""Column 4"": ""Year"",
    ""Column 5"": ""Original/Follow up"",
    ""Column 6"": ""Primary endpoint"",
    ""Column 7"": ""Name of ICI""
  }
}"
162,What are the control regimens and trial phases for melanoma trials using a placebo.,"{
  ""selected_filter"": {
    ""Cancer Type"": ""Melanoma"",
    ""Control Arm"": ""Placebo""
  },
  ""selected_column"": {
    ""Column 1"": ""NCT"",
    ""Column 2"": ""PMID"",
    ""Column 3"": ""Authors"",
    ""Column 4"": ""Year"",
    ""Column 5"": ""Original/Follow up"",
    ""Column 6"": ""Control regimen"",
    ""Column 7"": ""Trial phase"",
    ""Column 8"": ""Cancer type""
  }
}"
163,Show the authors and PMIDs for trials using cemiplimab.,"{
  ""selected_filter"": {
    ""ICI Name"": ""Cemiplimab""
  },
  ""selected_column"": {
    ""Column 1"": ""NCT"",
    ""Column 2"": ""PMID"",
    ""Column 3"": ""Authors"",
    ""Column 4"": ""Year"",
    ""Column 5"": ""Original/Follow up"",
    ""Column 6"": ""Name of ICI""
  }
}"
164,List the primary endpoints and safety data for Phase 1 trials involving avelumab.,"{
  ""selected_filter"": {
    ""ICI Name"": ""Avelumab"",
    ""Trial Phase"": ""Phase 1""
  },
  ""selected_column"": {
    ""Column 1"": ""NCT"",
    ""Column 2"": ""PMID"",
    ""Column 3"": ""Authors"",
    ""Column 4"": ""Year"",
    ""Column 5"": ""Original/Follow up"",
    ""Column 6"": ""Primary endpoint"",
    ""Column 7"": ""Trial phase"",
    ""Column 8"": ""Name of ICI""
  }
}"
165,Find the study names and cancer types for trials combining ICI with Anti-VEGF.,"{
  ""selected_filter"": {
    ""Type of combination (Treatment Arm)"": ""ICI + Anti-VEGF""
  },
  ""selected_column"": {
    ""Column 1"": ""NCT"",
    ""Column 2"": ""PMID"",
    ""Column 3"": ""Authors"",
    ""Column 4"": ""Year"",
    ""Column 5"": ""Original/Follow up"",
    ""Column 6"": ""Study name"",
    ""Column 7"": ""Cancer type"",
    ""Column 8"": ""Type of combination""
  }
}"
166,Show the lines of treatment and total sample sizes for gastric cancer trials.,"{
  ""selected_filter"": {
    ""Cancer Type"": ""Gastric/GEJ""
  },
  ""selected_column"": {
    ""Column 1"": ""NCT"",
    ""Column 2"": ""PMID"",
    ""Column 3"": ""Authors"",
    ""Column 4"": ""Year"",
    ""Column 5"": ""Original/Follow up"",
    ""Column 6"": ""Lines of treatment"",
    ""Column 7"": ""Total sample size"",
    ""Column 8"": ""Cancer type""
  }
}"
167,List the Overall Survival (OS) results and authors for nivolumab trials with Best Supportive Care as control.,"{
  ""selected_filter"": {
    ""ICI Name"": ""Nivolumab"",
    ""Control Arm"": ""Best Supportive Care (BSC)""
  },
  ""selected_column"": {
    ""Column 1"": ""NCT"",
    ""Column 2"": ""PMID"",
    ""Column 3"": ""Authors"",
    ""Column 4"": ""Year"",
    ""Column 5"": ""Original/Follow up"",
    ""Column 6"": ""Primary endpoint"",
    ""Column 7"": ""Control regimen"",
    ""Column 8"": ""Name of ICI""
  }
}"
168,What are the authors and years for urothelial cancer trials where Safety was the primary endpoint?,"{
  ""selected_filter"": {
    ""Cancer Type"": ""Urothelial"",
    ""Primary Endpoint"": ""Safety""
  },
  ""selected_column"": {
    ""Column 1"": ""NCT"",
    ""Column 2"": ""PMID"",
    ""Column 3"": ""Authors"",
    ""Column 4"": ""Year"",
    ""Column 5"": ""Original/Follow up"",
    ""Column 6"": ""Primary endpoint"",
    ""Column 7"": ""Cancer type""
  }
}"
169,Show the treatment regimens and control types for trials using tremelimumab in combination with another ICI.,"{
  ""selected_filter"": {
    ""ICI Name"": ""Tremelimumab"",
    ""Type of combination (Treatment Arm)"": ""ICI + ICI""
  },
  ""selected_column"": {
    ""Column 1"": ""NCT"",
    ""Column 2"": ""PMID"",
    ""Column 3"": ""Authors"",
    ""Column 4"": ""Year"",
    ""Column 5"": ""Original/Follow up"",
    ""Column 6"": ""Treatment regimen"",
    ""Column 7"": ""Type of control"",
    ""Column 8"": ""Name of ICI"",
    ""Column 9"": ""Type of combination""
  }
}"
170,List the biomarker inclusion details and study names for colorectal cancer trials.,"{
  ""selected_filter"": {
    ""Cancer Type"": ""Colorectal""
  },
  ""selected_column"": {
    ""Column 1"": ""NCT"",
    ""Column 2"": ""PMID"",
    ""Column 3"": ""Authors"",
    ""Column 4"": ""Year"",
    ""Column 5"": ""Original/Follow up"",
    ""Column 6"": ""Is any other biomarker used for inclusion"",
    ""Column 7"": ""Study name"",
    ""Column 8"": ""Cancer type""
  }
}"
171,Find the study names and specific ICI names for maintenance therapy trials in urothelial cancer.,"{
  ""selected_filter"": {
    ""Clinical Setting"": ""Maintenance"",
    ""Cancer Type"": ""Urothelial""
  },
  ""selected_column"": {
    ""Column 1"": ""NCT"",
    ""Column 2"": ""PMID"",
    ""Column 3"": ""Authors"",
    ""Column 4"": ""Year"",
    ""Column 5"": ""Original/Follow up"",
    ""Column 6"": ""Study name"",
    ""Column 7"": ""Name of ICI"",
    ""Column 8"": ""Clinical setting in relation to surgery""
  }
}"
172,Show the ICI names and years for trials where the control arm was Chemo + Anti-VEGF.,"{
  ""selected_filter"": {
    ""Control Arm"": ""Chemo / Anti-VEGF""
  },
  ""selected_column"": {
    ""Column 1"": ""NCT"",
    ""Column 2"": ""PMID"",
    ""Column 3"": ""Authors"",
    ""Column 4"": ""Year"",
    ""Column 5"": ""Original/Follow up"",
    ""Column 6"": ""Name of ICI"",
    ""Column 7"": ""Control regimen""
  }
}"
173,List the trial phases and cancer types for trials using CTLA-4 inhibitors.,"{
  ""selected_filter"": {
    ""ICI Class"": ""CTLA-4""
  },
  ""selected_column"": {
    ""Column 1"": ""NCT"",
    ""Column 2"": ""PMID"",
    ""Column 3"": ""Authors"",
    ""Column 4"": ""Year"",
    ""Column 5"": ""Original/Follow up"",
    ""Column 6"": ""Trial phase"",
    ""Column 7"": ""Cancer type"",
    ""Column 8"": ""Class of ICI""
  }
}"
174,What are the primary endpoints and total sample sizes for prostate cancer trials?,"{
  ""selected_filter"": {
    ""Cancer Type"": ""Prostate""
  },
  ""selected_column"": {
    ""Column 1"": ""NCT"",
    ""Column 2"": ""PMID"",
    ""Column 3"": ""Authors"",
    ""Column 4"": ""Year"",
    ""Column 5"": ""Original/Follow up"",
    ""Column 6"": ""Primary endpoint"",
    ""Column 7"": ""Total sample size"",
    ""Column 8"": ""Cancer type""
  }
}"
175,Show the years and authors for original publications in hepatocellular carcinoma.,"{
  ""selected_filter"": {
    ""Type of Study"": ""Original publication"",
    ""Cancer Type"": ""Hepatocellular carcinoma (HCC)""
  },
  ""selected_column"": {
    ""Column 1"": ""NCT"",
    ""Column 2"": ""PMID"",
    ""Column 3"": ""Authors"",
    ""Column 4"": ""Year"",
    ""Column 5"": ""Original/Follow up"",
    ""Column 6"": ""Cancer type""
  }
}"
176,List the treatment regimens and control regimens for trials using pembrolizumab with chemotherapy.,"{
  ""selected_filter"": {
    ""ICI Name"": ""Pembrolizumab"",
    ""Type of combination (Treatment Arm)"": ""ICI + Chemo""
  },
  ""selected_column"": {
    ""Column 1"": ""NCT"",
    ""Column 2"": ""PMID"",
    ""Column 3"": ""Authors"",
    ""Column 4"": ""Year"",
    ""Column 5"": ""Original/Follow up"",
    ""Column 6"": ""Treatment regimen"",
    ""Column 7"": ""Control regimen"",
    ""Column 8"": ""Name of ICI"",
    ""Column 9"": ""Type of combination""
  }
}"
177,Find the study names and specific ICI names for trials where the primary endpoint was ORR.,"{
  ""selected_filter"": {
    ""Primary Endpoint"": ""ORR (Objective Response Rate)""
  },
  ""selected_column"": {
    ""Column 1"": ""NCT"",
    ""Column 2"": ""PMID"",
    ""Column 3"": ""Authors"",
    ""Column 4"": ""Year"",
    ""Column 5"": ""Original/Follow up"",
    ""Column 6"": ""Study name"",
    ""Column 7"": ""Name of ICI"",
    ""Column 8"": ""Primary endpoint""
  }
}"
178,Show the study names and authors for Phase 3 trials in mesothelioma.,"{
  ""selected_filter"": {
    ""Cancer Type"": ""Mesothelioma"",
    ""Trial Phase"": ""Phase 3""
  },
  ""selected_column"": {
    ""Column 1"": ""NCT"",
    ""Column 2"": ""PMID"",
    ""Column 3"": ""Authors"",
    ""Column 4"": ""Year"",
    ""Column 5"": ""Original/Follow up"",
    ""Column 6"": ""Study name"",
    ""Column 7"": ""Trial phase"",
    ""Column 8"": ""Cancer type""
  }
}"
179,List the lines of treatment and primary endpoints for metastatic durvalumab trials.,"{
  ""selected_filter"": {
    ""ICI Name"": ""Durvalumab"",
    ""Clinical Setting"": ""Metastatic / Recurrent (Unresectable)""
  },
  ""selected_column"": {
    ""Column 1"": ""NCT"",
    ""Column 2"": ""PMID"",
    ""Column 3"": ""Authors"",
    ""Column 4"": ""Year"",
    ""Column 5"": ""Original/Follow up"",
    ""Column 6"": ""Lines of treatment"",
    ""Column 7"": ""Primary endpoint"",
    ""Column 8"": ""Name of ICI"",
    ""Column 9"": ""Clinical setting in relation to surgery""
  }
}"
180,What are the cancer types and trial phases for studies where the control arm was a vaccine?,"{
  ""selected_filter"": {
    ""Control Arm"": ""Vaccine""
  },
  ""selected_column"": {
    ""Column 1"": ""NCT"",
    ""Column 2"": ""PMID"",
    ""Column 3"": ""Authors"",
    ""Column 4"": ""Year"",
    ""Column 5"": ""Original/Follow up"",
    ""Column 6"": ""Cancer type"",
    ""Column 7"": ""Trial phase"",
    ""Column 8"": ""Control regimen""
  }
}"
181,Show the treatment regimens and types of combination for nivolumab + ipilimumab trials.,"{
  ""selected_filter"": {
    ""ICI Name"": ""Nivolumab"",
    ""Type of combination (Treatment Arm)"": ""ICI + ICI""
  },
  ""selected_column"": {
    ""Column 1"": ""NCT"",
    ""Column 2"": ""PMID"",
    ""Column 3"": ""Authors"",
    ""Column 4"": ""Year"",
    ""Column 5"": ""Original/Follow up"",
    ""Column 6"": ""Treatment regimen"",
    ""Column 7"": ""Type of combination"",
    ""Column 8"": ""Name of ICI""
  }
}"
182,List the authors and primary endpoints for pancreatic cancer trials.,"{
  ""selected_filter"": {
    ""Cancer Type"": ""Pancreatic Cancer""
  },
  ""selected_column"": {
    ""Column 1"": ""NCT"",
    ""Column 2"": ""PMID"",
    ""Column 3"": ""Authors"",
    ""Column 4"": ""Year"",
    ""Column 5"": ""Original/Follow up"",
    ""Column 6"": ""Primary endpoint"",
    ""Column 7"": ""Cancer type""
  }
}"
183,Find the sample sizes and years for atezolizumab trials with a chemotherapy control.,"{
  ""selected_filter"": {
    ""ICI Name"": ""Atezolizumab"",
    ""Control Arm"": ""Chemo""
  },
  ""selected_column"": {
    ""Column 1"": ""NCT"",
    ""Column 2"": ""PMID"",
    ""Column 3"": ""Authors"",
    ""Column 4"": ""Year"",
    ""Column 5"": ""Original/Follow up"",
    ""Column 6"": ""Total sample size"",
    ""Column 7"": ""Name of ICI"",
    ""Column 8"": ""Control regimen""
  }
}"
184,Show the cancer types and specific ICI names for adjuvant trials with OS as primary endpoint.,"{
  ""selected_filter"": {
    ""Clinical Setting"": ""Adjuvant"",
    ""Primary Endpoint"": ""OS (Overall Survival)""
  },
  ""selected_column"": {
    ""Column 1"": ""NCT"",
    ""Column 2"": ""PMID"",
    ""Column 3"": ""Authors"",
    ""Column 4"": ""Year"",
    ""Column 5"": ""Original/Follow up"",
    ""Column 6"": ""Cancer type"",
    ""Column 7"": ""Name of ICI"",
    ""Column 8"": ""Primary endpoint"",
    ""Column 9"": ""Clinical setting in relation to surgery""
  }
}"
185,List the secondary endpoints and study names for NSCLC trials where the control was chemotherapy.,"{
  ""selected_filter"": {
    ""Cancer Type"": ""Non-Small Cell Lung Cancer (NSCLC)"",
    ""Control Arm"": ""Chemo""
  },
  ""selected_column"": {
    ""Column 1"": ""NCT"",
    ""Column 2"": ""PMID"",
    ""Column 3"": ""Authors"",
    ""Column 4"": ""Year"",
    ""Column 5"": ""Original/Follow up"",
    ""Column 6"": ""Secondary endpoint"",
    ""Column 7"": ""Study name"",
    ""Column 8"": ""Control regimen"",
    ""Column 9"": ""Cancer type""
  }
}"
186,What are the treatment regimens for metastatic ipilimumab trials?,"{
  ""selected_filter"": {
    ""ICI Name"": ""Ipilimumab"",
    ""Clinical Setting"": ""Metastatic / Recurrent (Unresectable)""
  },
  ""selected_column"": {
    ""Column 1"": ""NCT"",
    ""Column 2"": ""PMID"",
    ""Column 3"": ""Authors"",
    ""Column 4"": ""Year"",
    ""Column 5"": ""Original/Follow up"",
    ""Column 6"": ""Treatment regimen"",
    ""Column 7"": ""Name of ICI"",
    ""Column 8"": ""Clinical setting in relation to surgery""
  }
}"
187,Show the types of control and authors for Phase 2 trials.,"{
  ""selected_filter"": {
    ""Trial Phase"": ""Phase 2""
  },
  ""selected_column"": {
    ""Column 1"": ""NCT"",
    ""Column 2"": ""PMID"",
    ""Column 3"": ""Authors"",
    ""Column 4"": ""Year"",
    ""Column 5"": ""Original/Follow up"",
    ""Column 6"": ""Type of control"",
    ""Column 7"": ""Trial phase""
  }
}"
188,List the specific cancer types and trial phases for breast cancer studies.,"{
  ""selected_filter"": {
    ""Cancer Type"": ""Breast""
  },
  ""selected_column"": {
    ""Column 1"": ""NCT"",
    ""Column 2"": ""PMID"",
    ""Column 3"": ""Authors"",
    ""Column 4"": ""Year"",
    ""Column 5"": ""Original/Follow up"",
    ""Column 6"": ""Cancer type"",
    ""Column 7"": ""Trial phase""
  }
}"
189,Find the Hazard Ratios (implied in endpoint data) or endpoint details for pembrolizumab trials with PFS as primary endpoint.,"{
  ""selected_filter"": {
    ""ICI Name"": ""Pembrolizumab"",
    ""Primary Endpoint"": ""PFS (Progression-Free Survival)""
  },
  ""selected_column"": {
    ""Column 1"": ""NCT"",
    ""Column 2"": ""PMID"",
    ""Column 3"": ""Authors"",
    ""Column 4"": ""Year"",
    ""Column 5"": ""Original/Follow up"",
    ""Column 6"": ""Primary endpoint"",
    ""Column 7"": ""Name of ICI""
  }
}"
190,Show the follow-up durations and authors for follow-up studies involving nivolumab.,"{
  ""selected_filter"": {
    ""Type of Study"": ""Follow-up"",
    ""ICI Name"": ""Nivolumab""
  },
  ""selected_column"": {
    ""Column 1"": ""NCT"",
    ""Column 2"": ""PMID"",
    ""Column 3"": ""Authors"",
    ""Column 4"": ""Year"",
    ""Column 5"": ""Original/Follow up"",
    ""Column 6"": ""Follow-up duration for primary endpoint(s) in months"",
    ""Column 7"": ""Name of ICI""
  }
}"
191,List the control regimens and trial phases for multikinase inhibitor controlled trials in HCC.,"{
  ""selected_filter"": {
    ""Cancer Type"": ""Hepatocellular carcinoma (HCC)"",
    ""Control Arm"": ""Multikinase inhibitor""
  },
  ""selected_column"": {
    ""Column 1"": ""NCT"",
    ""Column 2"": ""PMID"",
    ""Column 3"": ""Authors"",
    ""Column 4"": ""Year"",
    ""Column 5"": ""Original/Follow up"",
    ""Column 6"": ""Control regimen"",
    ""Column 7"": ""Trial phase"",
    ""Column 8"": ""Cancer type""
  }
}"
192,What are the primary endpoints and study names for Phase 2 cemiplimab trials?,"{
  ""selected_filter"": {
    ""ICI Name"": ""Cemiplimab"",
    ""Trial Phase"": ""Phase 2""
  },
  ""selected_column"": {
    ""Column 1"": ""NCT"",
    ""Column 2"": ""PMID"",
    ""Column 3"": ""Authors"",
    ""Column 4"": ""Year"",
    ""Column 5"": ""Original/Follow up"",
    ""Column 6"": ""Primary endpoint"",
    ""Column 7"": ""Study name"",
    ""Column 8"": ""Name of ICI"",
    ""Column 9"": ""Trial phase""
  }
}"
193,Show the authors and years for melanoma trials not included in the meta-analysis.,"{
  ""selected_filter"": {
    ""Cancer Type"": ""Melanoma"",
    ""Included in MA"": ""No""
  },
  ""selected_column"": {
    ""Column 1"": ""NCT"",
    ""Column 2"": ""PMID"",
    ""Column 3"": ""Authors"",
    ""Column 4"": ""Year"",
    ""Column 5"": ""Original/Follow up"",
    ""Column 6"": ""Cancer type""
  }
}"
194,List the specific ICI names and control types for trials combining two ICIs.,"{
  ""selected_filter"": {
    ""Type of combination (Treatment Arm)"": ""ICI + ICI""
  },
  ""selected_column"": {
    ""Column 1"": ""NCT"",
    ""Column 2"": ""PMID"",
    ""Column 3"": ""Authors"",
    ""Column 4"": ""Year"",
    ""Column 5"": ""Original/Follow up"",
    ""Column 6"": ""Name of ICI"",
    ""Column 7"": ""Type of control"",
    ""Column 8"": ""Type of combination""
  }
}"
195,Find the study names and lines of treatment for maintenance SCLC trials.,"{
  ""selected_filter"": {
    ""Cancer Type"": ""Small Cell Lung Cancer (SCLC)"",
    ""Clinical Setting"": ""Maintenance""
  },
  ""selected_column"": {
    ""Column 1"": ""NCT"",
    ""Column 2"": ""PMID"",
    ""Column 3"": ""Authors"",
    ""Column 4"": ""Year"",
    ""Column 5"": ""Original/Follow up"",
    ""Column 6"": ""Study name"",
    ""Column 7"": ""Lines of treatment"",
    ""Column 8"": ""Cancer type"",
    ""Column 9"": ""Clinical setting in relation to surgery""
  }
}"
196,Show the Overall Survival (OS) results and years for avelumab trials.,"{
  ""selected_filter"": {
    ""ICI Name"": ""Avelumab"",
    ""Primary Endpoint"": ""OS (Overall Survival)""
  },
  ""selected_column"": {
    ""Column 1"": ""NCT"",
    ""Column 2"": ""PMID"",
    ""Column 3"": ""Authors"",
    ""Column 4"": ""Year"",
    ""Column 5"": ""Original/Follow up"",
    ""Column 6"": ""Primary endpoint"",
    ""Column 7"": ""Name of ICI""
  }
}"
197,List the cancer types and treatment regimens for adjuvant trials using placebo control.,"{
  ""selected_filter"": {
    ""Clinical Setting"": ""Adjuvant"",
    ""Control Arm"": ""Placebo""
  },
  ""selected_column"": {
    ""Column 1"": ""NCT"",
    ""Column 2"": ""PMID"",
    ""Column 3"": ""Authors"",
    ""Column 4"": ""Year"",
    ""Column 5"": ""Original/Follow up"",
    ""Column 6"": ""Cancer type"",
    ""Column 7"": ""Treatment regimen"",
    ""Column 8"": ""Type of control"",
    ""Column 9"": ""Clinical setting in relation to surgery""
  }
}"
198,What are the specific ICI names and study names for PD-1 inhibitor trials in Head and Neck cancer?,"{
  ""selected_filter"": {
    ""ICI Class"": ""PD-1"",
    ""Cancer Type"": ""Head and Neck (HNSCC)""
  },
  ""selected_column"": {
    ""Column 1"": ""NCT"",
    ""Column 2"": ""PMID"",
    ""Column 3"": ""Authors"",
    ""Column 4"": ""Year"",
    ""Column 5"": ""Original/Follow up"",
    ""Column 6"": ""Name of ICI"",
    ""Column 7"": ""Study name"",
    ""Column 8"": ""Class of ICI"",
    ""Column 9"": ""Cancer type""
  }
}"
199,Show the study names and primary endpoints for pembrolizumab trials.,"{
  ""selected_filter"": {
    ""ICI Name"": ""Pembrolizumab""
  },
  ""selected_column"": {
    ""Column 1"": ""NCT"",
    ""Column 2"": ""PMID"",
    ""Column 3"": ""Authors"",
    ""Column 4"": ""Year"",
    ""Column 5"": ""Original/Follow up"",
    ""Column 6"": ""Study name"",
    ""Column 7"": ""Primary endpoint"",
    ""Column 8"": ""Name of ICI""
  }
}"
200,List the treatment regimens and years for esophageal cancer trials where the control was chemotherapy.,"{
  ""selected_filter"": {
    ""Cancer Type"": ""Esophageal/GEJ"",
    ""Control Arm"": ""Chemo""
  },
  ""selected_column"": {
    ""Column 1"": ""NCT"",
    ""Column 2"": ""PMID"",
    ""Column 3"": ""Authors"",
    ""Column 4"": ""Year"",
    ""Column 5"": ""Original/Follow up"",
    ""Column 6"": ""Treatment regimen"",
    ""Column 7"": ""Control regimen"",
    ""Column 8"": ""Cancer type""
  }
}"
201,List the study names and treatment regimens for Phase 3 melanoma trials.,"{
  ""selected_filter"": {
    ""Cancer Type"": ""Melanoma"",
    ""Trial Phase"": ""Phase 3""
  },
  ""selected_column"": {
    ""Column 1"": ""NCT"",
    ""Column 2"": ""PMID"",
    ""Column 3"": ""Authors"",
    ""Column 4"": ""Year"",
    ""Column 5"": ""Original/Follow up"",
    ""Column 6"": ""Study name"",
    ""Column 7"": ""Treatment regimen"",
    ""Column 8"": ""Cancer type""
  }
}"
202,Show the primary endpoints and disease-free survival data for adjuvant nivolumab trials.,"{
  ""selected_filter"": {
    ""ICI Name"": ""Nivolumab"",
    ""Clinical Setting"": ""Adjuvant""
  },
  ""selected_column"": {
    ""Column 1"": ""NCT"",
    ""Column 2"": ""PMID"",
    ""Column 3"": ""Authors"",
    ""Column 4"": ""Year"",
    ""Column 5"": ""Original/Follow up"",
    ""Column 6"": ""Primary endpoint"",
    ""Column 7"": ""Name of ICI"",
    ""Column 8"": ""Clinical setting in relation to surgery""
  }
}"
203,What are the authors and years for NSCLC trials where the control was Chemo + Anti-VEGF?,"{
  ""selected_filter"": {
    ""Cancer Type"": ""Non-Small Cell Lung Cancer (NSCLC)"",
    ""Control Arm"": ""Chemo / Anti-VEGF""
  },
  ""selected_column"": {
    ""Column 1"": ""NCT"",
    ""Column 2"": ""PMID"",
    ""Column 3"": ""Authors"",
    ""Column 4"": ""Year"",
    ""Column 5"": ""Original/Follow up"",
    ""Column 6"": ""Control regimen"",
    ""Column 7"": ""Cancer type""
  }
}"
204,Find the sample sizes and primary endpoints for trials combining ICI with chemotherapy where OS was the endpoint.,"{
  ""selected_filter"": {
    ""Type of combination (Treatment Arm)"": ""ICI + Chemo"",
    ""Primary Endpoint"": ""OS (Overall Survival)""
  },
  ""selected_column"": {
    ""Column 1"": ""NCT"",
    ""Column 2"": ""PMID"",
    ""Column 3"": ""Authors"",
    ""Column 4"": ""Year"",
    ""Column 5"": ""Original/Follow up"",
    ""Column 6"": ""Total sample size"",
    ""Column 7"": ""Primary endpoint"",
    ""Column 8"": ""Type of combination""
  }
}"
205,List the specific ICI names and trial phases for bladder cancer trials using PD-L1 inhibitors.,"{
  ""selected_filter"": {
    ""Cancer Type"": ""Bladder"",
    ""ICI Class"": ""PD-L1""
  },
  ""selected_column"": {
    ""Column 1"": ""NCT"",
    ""Column 2"": ""PMID"",
    ""Column 3"": ""Authors"",
    ""Column 4"": ""Year"",
    ""Column 5"": ""Original/Follow up"",
    ""Column 6"": ""Name of ICI"",
    ""Column 7"": ""Trial phase"",
    ""Column 8"": ""Class of ICI"",
    ""Column 9"": ""Cancer type""
  }
}"
206,Show the follow-up durations and years for follow-up studies involving ipilimumab.,"{
  ""selected_filter"": {
    ""ICI Name"": ""Ipilimumab"",
    ""Type of Study"": ""Follow-up""
  },
  ""selected_column"": {
    ""Column 1"": ""NCT"",
    ""Column 2"": ""PMID"",
    ""Column 3"": ""Authors"",
    ""Column 4"": ""Year"",
    ""Column 5"": ""Original/Follow up"",
    ""Column 6"": ""Follow-up duration for primary endpoint(s) in months"",
    ""Column 7"": ""Name of ICI""
  }
}"
207,What are the treatment and control regimens for RCC trials combining ICI with a TKI?,"{
  ""selected_filter"": {
    ""Cancer Type"": ""Renal Cell Carcinoma (RCC)"",
    ""Type of combination (Treatment Arm)"": ""ICI + TKI""
  },
  ""selected_column"": {
    ""Column 1"": ""NCT"",
    ""Column 2"": ""PMID"",
    ""Column 3"": ""Authors"",
    ""Column 4"": ""Year"",
    ""Column 5"": ""Original/Follow up"",
    ""Column 6"": ""Treatment regimen"",
    ""Column 7"": ""Control regimen"",
    ""Column 8"": ""Type of combination""
  }
}"
208,List the study names and authors for metastatic trials where Safety was the primary endpoint.,"{
  ""selected_filter"": {
    ""Clinical Setting"": ""Metastatic / Recurrent (Unresectable)"",
    ""Primary Endpoint"": ""Safety""
  },
  ""selected_column"": {
    ""Column 1"": ""NCT"",
    ""Column 2"": ""PMID"",
    ""Column 3"": ""Authors"",
    ""Column 4"": ""Year"",
    ""Column 5"": ""Original/Follow up"",
    ""Column 6"": ""Study name"",
    ""Column 7"": ""Clinical setting in relation to surgery"",
    ""Column 8"": ""Primary endpoint""
  }
}"
209,Find the total sample sizes and trial phases for pembrolizumab trials with a placebo control.,"{
  ""selected_filter"": {
    ""ICI Name"": ""Pembrolizumab"",
    ""Control Arm"": ""Placebo""
  },
  ""selected_column"": {
    ""Column 1"": ""NCT"",
    ""Column 2"": ""PMID"",
    ""Column 3"": ""Authors"",
    ""Column 4"": ""Year"",
    ""Column 5"": ""Original/Follow up"",
    ""Column 6"": ""Total sample size"",
    ""Column 7"": ""Trial phase"",
    ""Column 8"": ""Name of ICI"",
    ""Column 9"": ""Control regimen""
  }
}"
210,Show the authors and pathological complete response (pCR) data for neoadjuvant Head and Neck cancer trials.,"{
  ""selected_filter"": {
    ""Cancer Type"": ""Head and Neck (HNSCC)"",
    ""Clinical Setting"": ""Neoadjuvant""
  },
  ""selected_column"": {
    ""Column 1"": ""NCT"",
    ""Column 2"": ""PMID"",
    ""Column 3"": ""Authors"",
    ""Column 4"": ""Year"",
    ""Column 5"": ""Original/Follow up"",
    ""Column 6"": ""Primary endpoint"",
    ""Column 7"": ""Cancer type"",
    ""Column 8"": ""Clinical setting in relation to surgery""
  }
}"
211,List the years and primary endpoints for atezolizumab trials not included in the meta-analysis.,"{
  ""selected_filter"": {
    ""ICI Name"": ""Atezolizumab"",
    ""Included in MA"": ""No""
  },
  ""selected_column"": {
    ""Column 1"": ""NCT"",
    ""Column 2"": ""PMID"",
    ""Column 3"": ""Authors"",
    ""Column 4"": ""Year"",
    ""Column 5"": ""Original/Follow up"",
    ""Column 6"": ""Primary endpoint"",
    ""Column 7"": ""Name of ICI""
  }
}"
212,What are the PD-L1 inclusion criteria and study names for trials combining ICI with Radiation?,"{
  ""selected_filter"": {
    ""Type of combination (Treatment Arm)"": ""ICI + RadiatICln (Radiation/Clinical Radiation)""
  },
  ""selected_column"": {
    ""Column 1"": ""NCT"",
    ""Column 2"": ""PMID"",
    ""Column 3"": ""Authors"",
    ""Column 4"": ""Year"",
    ""Column 5"": ""Original/Follow up"",
    ""Column 6"": ""Is PD-L1 positivity inclusion criteria"",
    ""Column 7"": ""Study name"",
    ""Column 8"": ""Type of combination""
  }
}"
213,Show the treatment regimens and authors for Phase 2 breast cancer trials.,"{
  ""selected_filter"": {
    ""Cancer Type"": ""Breast"",
    ""Trial Phase"": ""Phase 2""
  },
  ""selected_column"": {
    ""Column 1"": ""NCT"",
    ""Column 2"": ""PMID"",
    ""Column 3"": ""Authors"",
    ""Column 4"": ""Year"",
    ""Column 5"": ""Original/Follow up"",
    ""Column 6"": ""Treatment regimen"",
    ""Column 7"": ""Trial phase"",
    ""Column 8"": ""Cancer type""
  }
}"
214,List the sample sizes and follow-up durations for durvalumab trials with PFS as primary endpoint.,"{
  ""selected_filter"": {
    ""ICI Name"": ""Durvalumab"",
    ""Primary Endpoint"": ""PFS (Progression-Free Survival)""
  },
  ""selected_column"": {
    ""Column 1"": ""NCT"",
    ""Column 2"": ""PMID"",
    ""Column 3"": ""Authors"",
    ""Column 4"": ""Year"",
    ""Column 5"": ""Original/Follow up"",
    ""Column 6"": ""Total sample size"",
    ""Column 7"": ""Follow-up duration for primary endpoint(s) in months"",
    ""Column 8"": ""Name of ICI""
  }
}"
215,Find the study names and years for melanoma trials where the control was observation.,"{
  ""selected_filter"": {
    ""Cancer Type"": ""Melanoma"",
    ""Control Arm"": ""Best Supportive Care (BSC)""
  },
  ""selected_column"": {
    ""Column 1"": ""NCT"",
    ""Column 2"": ""PMID"",
    ""Column 3"": ""Authors"",
    ""Column 4"": ""Year"",
    ""Column 5"": ""Original/Follow up"",
    ""Column 6"": ""Study name"",
    ""Column 7"": ""Control regimen"",
    ""Column 8"": ""Cancer type""
  }
}"
216,Show the control regimens and primary endpoints for gastric cancer trials using ICI + Chemo.,"{
  ""selected_filter"": {
    ""Cancer Type"": ""Gastric/GEJ"",
    ""Type of combination (Treatment Arm)"": ""ICI + Chemo""
  },
  ""selected_column"": {
    ""Column 1"": ""NCT"",
    ""Column 2"": ""PMID"",
    ""Column 3"": ""Authors"",
    ""Column 4"": ""Year"",
    ""Column 5"": ""Original/Follow up"",
    ""Column 6"": ""Control regimen"",
    ""Column 7"": ""Primary endpoint"",
    ""Column 8"": ""Cancer type"",
    ""Column 9"": ""Type of combination""
  }
}"
217,List the authors and sample sizes for Phase 2 tremelimumab trials.,"{
  ""selected_filter"": {
    ""ICI Name"": ""Tremelimumab"",
    ""Trial Phase"": ""Phase 2""
  },
  ""selected_column"": {
    ""Column 1"": ""NCT"",
    ""Column 2"": ""PMID"",
    ""Column 3"": ""Authors"",
    ""Column 4"": ""Year"",
    ""Column 5"": ""Original/Follow up"",
    ""Column 6"": ""Total sample size"",
    ""Column 7"": ""Trial phase"",
    ""Column 8"": ""Name of ICI""
  }
}"
218,What are the treatment regimens for maintenance NSCLC trials?,"{
  ""selected_filter"": {
    ""Cancer Type"": ""Non-Small Cell Lung Cancer (NSCLC)"",
    ""Clinical Setting"": ""Maintenance""
  },
  ""selected_column"": {
    ""Column 1"": ""NCT"",
    ""Column 2"": ""PMID"",
    ""Column 3"": ""Authors"",
    ""Column 4"": ""Year"",
    ""Column 5"": ""Original/Follow up"",
    ""Column 6"": ""Treatment regimen"",
    ""Column 7"": ""Clinical setting in relation to surgery"",
    ""Column 8"": ""Cancer type""
  }
}"
219,Show the study names and years for SCLC trials with ORR as the primary endpoint.,"{
  ""selected_filter"": {
    ""Cancer Type"": ""Small Cell Lung Cancer (SCLC)"",
    ""Primary Endpoint"": ""ORR (Objective Response Rate)""
  },
  ""selected_column"": {
    ""Column 1"": ""NCT"",
    ""Column 2"": ""PMID"",
    ""Column 3"": ""Authors"",
    ""Column 4"": ""Year"",
    ""Column 5"": ""Original/Follow up"",
    ""Column 6"": ""Study name"",
    ""Column 7"": ""Primary endpoint"",
    ""Column 8"": ""Cancer type""
  }
}"
220,List the trial phases and sample sizes for cemiplimab trials in skin cancer.,"{
  ""selected_filter"": {
    ""ICI Name"": ""Cemiplimab""
  },
  ""selected_column"": {
    ""Column 1"": ""NCT"",
    ""Column 2"": ""PMID"",
    ""Column 3"": ""Authors"",
    ""Column 4"": ""Year"",
    ""Column 5"": ""Original/Follow up"",
    ""Column 6"": ""Trial phase"",
    ""Column 7"": ""Total sample size"",
    ""Column 8"": ""Name of ICI""
  }
}"
221,Find the treatment regimens and authors for RCC trials combining two ICIs.,"{
  ""selected_filter"": {
    ""Cancer Type"": ""Renal Cell Carcinoma (RCC)"",
    ""Type of combination (Treatment Arm)"": ""ICI + ICI""
  },
  ""selected_column"": {
    ""Column 1"": ""NCT"",
    ""Column 2"": ""PMID"",
    ""Column 3"": ""Authors"",
    ""Column 4"": ""Year"",
    ""Column 5"": ""Original/Follow up"",
    ""Column 6"": ""Treatment regimen"",
    ""Column 7"": ""Type of combination"",
    ""Column 8"": ""Cancer type""
  }
}"
222,Show the primary endpoints and years for nivolumab trials with an active control.,"{
  ""selected_filter"": {
    ""ICI Name"": ""Nivolumab"",
    ""Control Arm"": ""Chemo""
  },
  ""selected_column"": {
    ""Column 1"": ""NCT"",
    ""Column 2"": ""PMID"",
    ""Column 3"": ""Authors"",
    ""Column 4"": ""Year"",
    ""Column 5"": ""Original/Follow up"",
    ""Column 6"": ""Primary endpoint"",
    ""Column 7"": ""Control regimen"",
    ""Column 8"": ""Name of ICI""
  }
}"
223,List the study names and primary endpoints for mesothelioma trials combining two ICIs.,"{
  ""selected_filter"": {
    ""Cancer Type"": ""Mesothelioma"",
    ""Type of combination (Treatment Arm)"": ""ICI + ICI""
  },
  ""selected_column"": {
    ""Column 1"": ""NCT"",
    ""Column 2"": ""PMID"",
    ""Column 3"": ""Authors"",
    ""Column 4"": ""Year"",
    ""Column 5"": ""Original/Follow up"",
    ""Column 6"": ""Study name"",
    ""Column 7"": ""Primary endpoint"",
    ""Column 8"": ""Cancer type"",
    ""Column 9"": ""Type of combination""
  }
}"
224,What are the safety endpoints and authors for Phase 1 pembrolizumab trials?,"{
  ""selected_filter"": {
    ""ICI Name"": ""Pembrolizumab"",
    ""Trial Phase"": ""Phase 1""
  },
  ""selected_column"": {
    ""Column 1"": ""NCT"",
    ""Column 2"": ""PMID"",
    ""Column 3"": ""Authors"",
    ""Column 4"": ""Year"",
    ""Column 5"": ""Original/Follow up"",
    ""Column 6"": ""Primary endpoint"",
    ""Column 7"": ""Trial phase"",
    ""Column 8"": ""Name of ICI""
  }
}"
225,Show the treatment regimens for prostate cancer trials controlled by placebo.,"{
  ""selected_filter"": {
    ""Cancer Type"": ""Prostate"",
    ""Control Arm"": ""Placebo""
  },
  ""selected_column"": {
    ""Column 1"": ""NCT"",
    ""Column 2"": ""PMID"",
    ""Column 3"": ""Authors"",
    ""Column 4"": ""Year"",
    ""Column 5"": ""Original/Follow up"",
    ""Column 6"": ""Treatment regimen"",
    ""Column 7"": ""Control regimen"",
    ""Column 8"": ""Cancer type""
  }
}"
226,List the follow-up durations and years for urothelial cancer trials using avelumab.,"{
  ""selected_filter"": {
    ""ICI Name"": ""Avelumab"",
    ""Cancer Type"": ""Urothelial""
  },
  ""selected_column"": {
    ""Column 1"": ""NCT"",
    ""Column 2"": ""PMID"",
    ""Column 3"": ""Authors"",
    ""Column 4"": ""Year"",
    ""Column 5"": ""Original/Follow up"",
    ""Column 6"": ""Follow-up duration for primary endpoint(s) in months"",
    ""Column 7"": ""Name of ICI"",
    ""Column 8"": ""Cancer type""
  }
}"
227,Find the study names and authors for melanoma trials with DFS as the primary endpoint.,"{
  ""selected_filter"": {
    ""Cancer Type"": ""Melanoma"",
    ""Primary Endpoint"": ""DFS (Disease-Free Survival)""
  },
  ""selected_column"": {
    ""Column 1"": ""NCT"",
    ""Column 2"": ""PMID"",
    ""Column 3"": ""Authors"",
    ""Column 4"": ""Year"",
    ""Column 5"": ""Original/Follow up"",
    ""Column 6"": ""Study name"",
    ""Column 7"": ""Primary endpoint"",
    ""Column 8"": ""Cancer type""
  }
}"
228,Show the overall survival data and sample sizes for metastatic ipilimumab trials.,"{
  ""selected_filter"": {
    ""ICI Name"": ""Ipilimumab"",
    ""Clinical Setting"": ""Metastatic / Recurrent (Unresectable)""
  },
  ""selected_column"": {
    ""Column 1"": ""NCT"",
    ""Column 2"": ""PMID"",
    ""Column 3"": ""Authors"",
    ""Column 4"": ""Year"",
    ""Column 5"": ""Original/Follow up"",
    ""Column 6"": ""Primary endpoint"",
    ""Column 7"": ""Total sample size"",
    ""Column 8"": ""Name of ICI"",
    ""Column 9"": ""Clinical setting in relation to surgery""
  }
}"
229,List the treatment regimens and years for Triple Negative Breast Cancer trials controlled by chemo.,"{
  ""selected_filter"": {
    ""Cancer Type"": ""Breast"",
    ""Control Arm"": ""Chemo""
  },
  ""selected_column"": {
    ""Column 1"": ""NCT"",
    ""Column 2"": ""PMID"",
    ""Column 3"": ""Authors"",
    ""Column 4"": ""Year"",
    ""Column 5"": ""Original/Follow up"",
    ""Column 6"": ""Treatment regimen"",
    ""Column 7"": ""Control regimen"",
    ""Column 8"": ""Cancer type""
  }
}"
230,What are the primary endpoints and trial phases for durvalumab trials controlled by chemotherapy?,"{
  ""selected_filter"": {
    ""ICI Name"": ""Durvalumab"",
    ""Control Arm"": ""Chemo""
  },
  ""selected_column"": {
    ""Column 1"": ""NCT"",
    ""Column 2"": ""PMID"",
    ""Column 3"": ""Authors"",
    ""Column 4"": ""Year"",
    ""Column 5"": ""Original/Follow up"",
    ""Column 6"": ""Primary endpoint"",
    ""Column 7"": ""Trial phase"",
    ""Column 8"": ""Name of ICI"",
    ""Column 9"": ""Control regimen""
  }
}"
231,Show the authors and study names for esophageal cancer trials included in the meta-analysis.,"{
  ""selected_filter"": {
    ""Cancer Type"": ""Esophageal/GEJ"",
    ""Included in MA"": ""Yes""
  },
  ""selected_column"": {
    ""Column 1"": ""NCT"",
    ""Column 2"": ""PMID"",
    ""Column 3"": ""Authors"",
    ""Column 4"": ""Year"",
    ""Column 5"": ""Original/Follow up"",
    ""Column 6"": ""Study name"",
    ""Column 7"": ""Cancer type""
  }
}"
232,List the primary endpoints and sample sizes for HCC trials combining ICI with Anti-VEGF.,"{
  ""selected_filter"": {
    ""Cancer Type"": ""Hepatocellular carcinoma (HCC)"",
    ""Type of combination (Treatment Arm)"": ""ICI + Anti-VEGF""
  },
  ""selected_column"": {
    ""Column 1"": ""NCT"",
    ""Column 2"": ""PMID"",
    ""Column 3"": ""Authors"",
    ""Column 4"": ""Year"",
    ""Column 5"": ""Original/Follow up"",
    ""Column 6"": ""Primary endpoint"",
    ""Column 7"": ""Total sample size"",
    ""Column 8"": ""Cancer type"",
    ""Column 9"": ""Type of combination""
  }
}"
233,Find the pCR data and years for neoadjuvant nivolumab trials.,"{
  ""selected_filter"": {
    ""ICI Name"": ""Nivolumab"",
    ""Clinical Setting"": ""Neoadjuvant""
  },
  ""selected_column"": {
    ""Column 1"": ""NCT"",
    ""Column 2"": ""PMID"",
    ""Column 3"": ""Authors"",
    ""Column 4"": ""Year"",
    ""Column 5"": ""Original/Follow up"",
    ""Column 6"": ""Primary endpoint"",
    ""Column 7"": ""Name of ICI"",
    ""Column 8"": ""Clinical setting in relation to surgery""
  }
}"
234,Show the study names and authors for NSCLC trials where the control was a TKI.,"{
  ""selected_filter"": {
    ""Cancer Type"": ""Non-Small Cell Lung Cancer (NSCLC)"",
    ""Control Arm"": ""TKI (Tyrosine Kinase Inhibitor)""
  },
  ""selected_column"": {
    ""Column 1"": ""NCT"",
    ""Column 2"": ""PMID"",
    ""Column 3"": ""Authors"",
    ""Column 4"": ""Year"",
    ""Column 5"": ""Original/Follow up"",
    ""Column 6"": ""Study name"",
    ""Column 7"": ""Control regimen"",
    ""Column 8"": ""Cancer type""
  }
}"
235,List the treatment and control regimens for Phase 3 atezolizumab trials.,"{
  ""selected_filter"": {
    ""ICI Name"": ""Atezolizumab"",
    ""Trial Phase"": ""Phase 3""
  },
  ""selected_column"": {
    ""Column 1"": ""NCT"",
    ""Column 2"": ""PMID"",
    ""Column 3"": ""Authors"",
    ""Column 4"": ""Year"",
    ""Column 5"": ""Original/Follow up"",
    ""Column 6"": ""Treatment regimen"",
    ""Column 7"": ""Control regimen"",
    ""Column 8"": ""Trial phase"",
    ""Column 9"": ""Name of ICI""
  }
}"
236,What are the ORR results and sample sizes for MSI-H colorectal cancer trials?,"{
  ""selected_filter"": {
    ""Cancer Type"": ""Colorectal""
  },
  ""selected_column"": {
    ""Column 1"": ""NCT"",
    ""Column 2"": ""PMID"",
    ""Column 3"": ""Authors"",
    ""Column 4"": ""Year"",
    ""Column 5"": ""Original/Follow up"",
    ""Column 6"": ""Primary endpoint"",
    ""Column 7"": ""Total sample size"",
    ""Column 8"": ""Cancer type""
  }
}"
237,Show the authors and years for melanoma trials combining ICI with a vaccine.,"{
  ""selected_filter"": {
    ""Cancer Type"": ""Melanoma"",
    ""Type of combination (Treatment Arm)"": ""ICI + Vaccine""
  },
  ""selected_column"": {
    ""Column 1"": ""NCT"",
    ""Column 2"": ""PMID"",
    ""Column 3"": ""Authors"",
    ""Column 4"": ""Year"",
    ""Column 5"": ""Original/Follow up"",
    ""Column 6"": ""Type of combination"",
    ""Column 7"": ""Cancer type""
  }
}"
238,List the study names and trial phases for lung cancer trials with EFS as the primary endpoint.,"{
  ""selected_filter"": {
    ""Cancer Type"": ""Non-Small Cell Lung Cancer (NSCLC)"",
    ""Primary Endpoint"": ""EFS (Event-Free Survival)""
  },
  ""selected_column"": {
    ""Column 1"": ""NCT"",
    ""Column 2"": ""PMID"",
    ""Column 3"": ""Authors"",
    ""Column 4"": ""Year"",
    ""Column 5"": ""Original/Follow up"",
    ""Column 6"": ""Study name"",
    ""Column 7"": ""Trial phase"",
    ""Column 8"": ""Primary endpoint"",
    ""Column 9"": ""Cancer type""
  }
}"
239,What are the DFS results and follow-up durations for adjuvant pembrolizumab trials?,"{
  ""selected_filter"": {
    ""ICI Name"": ""Pembrolizumab"",
    ""Clinical Setting"": ""Adjuvant""
  },
  ""selected_column"": {
    ""Column 1"": ""NCT"",
    ""Column 2"": ""PMID"",
    ""Column 3"": ""Authors"",
    ""Column 4"": ""Year"",
    ""Column 5"": ""Original/Follow up"",
    ""Column 6"": ""Primary endpoint"",
    ""Column 7"": ""Follow-up duration for primary endpoint(s) in months"",
    ""Column 8"": ""Name of ICI"",
    ""Column 9"": ""Clinical setting in relation to surgery""
  }
}"
240,Show the overall survival and authors for bladder cancer trials controlled by chemotherapy.,"{
  ""selected_filter"": {
    ""Cancer Type"": ""Bladder"",
    ""Control Arm"": ""Chemo""
  },
  ""selected_column"": {
    ""Column 1"": ""NCT"",
    ""Column 2"": ""PMID"",
    ""Column 3"": ""Authors"",
    ""Column 4"": ""Year"",
    ""Column 5"": ""Original/Follow up"",
    ""Column 6"": ""Primary endpoint"",
    ""Column 7"": ""Control regimen"",
    ""Column 8"": ""Cancer type""
  }
}"
241,List the specific ICI names and cancer types for Phase 2 trials using PD-1 inhibitors.,"{
  ""selected_filter"": {
    ""ICI Class"": ""PD-1"",
    ""Trial Phase"": ""Phase 2""
  },
  ""selected_column"": {
    ""Column 1"": ""NCT"",
    ""Column 2"": ""PMID"",
    ""Column 3"": ""Authors"",
    ""Column 4"": ""Year"",
    ""Column 5"": ""Original/Follow up"",
    ""Column 6"": ""Name of ICI"",
    ""Column 7"": ""Cancer type"",
    ""Column 8"": ""Trial phase"",
    ""Column 9"": ""Class of ICI""
  }
}"
242,Find the primary endpoints and years for original RCC publications.,"{
  ""selected_filter"": {
    ""Cancer Type"": ""Renal Cell Carcinoma (RCC)"",
    ""Type of Study"": ""Original publication""
  },
  ""selected_column"": {
    ""Column 1"": ""NCT"",
    ""Column 2"": ""PMID"",
    ""Column 3"": ""Authors"",
    ""Column 4"": ""Year"",
    ""Column 5"": ""Original/Follow up"",
    ""Column 6"": ""Primary endpoint"",
    ""Column 7"": ""Cancer type""
  }
}"
243,Show the treatment regimens and sample sizes for HNSCC trials using ICI + Chemo.,"{
  ""selected_filter"": {
    ""Cancer Type"": ""Head and Neck (HNSCC)"",
    ""Type of combination (Treatment Arm)"": ""ICI + Chemo""
  },
  ""selected_column"": {
    ""Column 1"": ""NCT"",
    ""Column 2"": ""PMID"",
    ""Column 3"": ""Authors"",
    ""Column 4"": ""Year"",
    ""Column 5"": ""Original/Follow up"",
    ""Column 6"": ""Treatment regimen"",
    ""Column 7"": ""Total sample size"",
    ""Column 8"": ""Type of combination"",
    ""Column 9"": ""Cancer type""
  }
}"
244,List the study names and authors for melanoma trials controlled by Interferon.,"{
  ""selected_filter"": {
    ""Cancer Type"": ""Melanoma"",
    ""Control Arm"": ""Interferon""
  },
  ""selected_column"": {
    ""Column 1"": ""NCT"",
    ""Column 2"": ""PMID"",
    ""Column 3"": ""Authors"",
    ""Column 4"": ""Year"",
    ""Column 5"": ""Original/Follow up"",
    ""Column 6"": ""Study name"",
    ""Column 7"": ""Control regimen"",
    ""Column 8"": ""Cancer type""
  }
}"
245,What are the safety results and years for trials combining ipilimumab and nivolumab?,"{
  ""selected_filter"": {
    ""ICI Name"": ""Ipilimumab"",
    ""Type of combination (Treatment Arm)"": ""ICI + ICI""
  },
  ""selected_column"": {
    ""Column 1"": ""NCT"",
    ""Column 2"": ""PMID"",
    ""Column 3"": ""Authors"",
    ""Column 4"": ""Year"",
    ""Column 5"": ""Original/Follow up"",
    ""Column 6"": ""Secondary endpoint"",
    ""Column 7"": ""Name of ICI"",
    ""Column 8"": ""Type of combination""
  }
}"
246,Show the overall survival data and control regimens for metastatic SCLC trials.,"{
  ""selected_filter"": {
    ""Cancer Type"": ""Small Cell Lung Cancer (SCLC)"",
    ""Clinical Setting"": ""Metastatic / Recurrent (Unresectable)""
  },
  ""selected_column"": {
    ""Column 1"": ""NCT"",
    ""Column 2"": ""PMID"",
    ""Column 3"": ""Authors"",
    ""Column 4"": ""Year"",
    ""Column 5"": ""Original/Follow up"",
    ""Column 6"": ""Primary endpoint"",
    ""Column 7"": ""Control regimen"",
    ""Column 8"": ""Cancer type"",
    ""Column 9"": ""Clinical setting in relation to surgery""
  }
}"
247,List the study names and cancer types for Phase 3 trials where PFS was the primary endpoint.,"{
  ""selected_filter"": {
    ""Trial Phase"": ""Phase 3"",
    ""Primary Endpoint"": ""PFS (Progression-Free Survival)""
  },
  ""selected_column"": {
    ""Column 1"": ""NCT"",
    ""Column 2"": ""PMID"",
    ""Column 3"": ""Authors"",
    ""Column 4"": ""Year"",
    ""Column 5"": ""Original/Follow up"",
    ""Column 6"": ""Study name"",
    ""Column 7"": ""Cancer type"",
    ""Column 8"": ""Trial phase"",
    ""Column 9"": ""Primary endpoint""
  }
}"
248,Find the authors and sample sizes for metastatic cemiplimab trials.,"{
  ""selected_filter"": {
    ""ICI Name"": ""Cemiplimab"",
    ""Clinical Setting"": ""Metastatic / Recurrent (Unresectable)""
  },
  ""selected_column"": {
    ""Column 1"": ""NCT"",
    ""Column 2"": ""PMID"",
    ""Column 3"": ""Authors"",
    ""Column 4"": ""Year"",
    ""Column 5"": ""Original/Follow up"",
    ""Column 6"": ""Total sample size"",
    ""Column 7"": ""Name of ICI"",
    ""Column 8"": ""Clinical setting in relation to surgery""
  }
}"
249,Show the primary endpoints and years for pancreatic cancer trials combining ICI with chemotherapy.,"{
  ""selected_filter"": {
    ""Cancer Type"": ""Pancreatic Cancer"",
    ""Type of combination (Treatment Arm)"": ""ICI + Chemo""
  },
  ""selected_column"": {
    ""Column 1"": ""NCT"",
    ""Column 2"": ""PMID"",
    ""Column 3"": ""Authors"",
    ""Column 4"": ""Year"",
    ""Column 5"": ""Original/Follow up"",
    ""Column 6"": ""Primary endpoint"",
    ""Column 7"": ""Type of combination"",
    ""Column 8"": ""Cancer type""
  }
}"
250,List the overall survival results and authors for colorectal cancer trials with Best Supportive Care control.,"{
  ""selected_filter"": {
    ""Cancer Type"": ""Colorectal"",
    ""Control Arm"": ""Best Supportive Care (BSC)""
  },
  ""selected_column"": {
    ""Column 1"": ""NCT"",
    ""Column 2"": ""PMID"",
    ""Column 3"": ""Authors"",
    ""Column 4"": ""Year"",
    ""Column 5"": ""Original/Follow up"",
    ""Column 6"": ""Primary endpoint"",
    ""Column 7"": ""Control regimen"",
    ""Column 8"": ""Cancer type""
  }
}"
